"CLAVE","DESCRIPCION",PRECIO
"FA-0010","FA-0010 FILTRO AIRE. JAC SEI 7 2.0L 2019, TOYOTA HILUX 2.5L/3.0L/4.0L 2010-2016, TOYOTA FORTUNER 2.7L GASOLINA/DIÉSEL 2010-2016",75.025999999999996
"FA-16","FA-16 FILTRO AIRE. CILÍNDRICO C/ASPA NISSAN URVAN NV350 2.5L DIESEL 2014-2020, NISSAN URVAN 2.5L/3.0L DIESEL 2008-2013",85.259999999999991
"FA-34","FA-34 FILTRO AIRE. NISSAN URVAN 2.4L 2002-2008 CILÍNDRICO",68.207999999999998
"FA-36","FA-36 FILTRO AIRE. NISSAN NP300 2.5L DIESEL 2011-2013, NISSAN D22 NP300 DIESEL 2.5L 2007-2013 CILINDRICO",71.607688600000003
"FA-70N","FA-70N FILTRO AIRE. DODGE LE BARON 3.9L/5.2L/5.9L 1977-1981, DODGE DART 1982-1987, RAM VAN 1993-2003",57.97399999999999
"FA-74N","FA-74N FILTRO AIRE. FORD MUSTANG 3.8L 1983-1986, FORD COUGAR 3.8L 1985-1988, FORD GRANADA 3.8L 1982, FORD LTD 3.8L 1983-1986, FORD THUNDERBIRD 3.8L 1982-1987, FORD F-150 5.0L 1986-1991, FORD F-150 5.8L 1973, FORD MARQUIS 3.8L 1983-1986",61.39
"FA-165RB","FA-165RB FILTRO AIRE. NISSAN VERSA 1.6L 2020-2021, NISSAN KICKS 1.6L 2017-2020 S/FELPA",51.155999999999999
"FA-268","FA-268 FILTRO AIRE. TOYOTA AVANZA 4 CIL 1.5L 2007–2015",59.114999999999995
"FA-291","FA-291 FILTRO AIRE. NISSAN APRIO 1.6L 2008-2010, NISSAN PLATINA 1.6L 2002-2010, RENAULT CLIO 1.6L 2002-2010, RENAULT DUSTER 2.0L 2013-2017, RENAULT KANGOO 1.6L 2004-2018, RENAULT LOGAN 1.6L 2015-2018, RENAULT SANDERO 1.6L 2010-2018, RENAULT SANDERO 2.0L 2016-2017, RENAULT SCALA 1.6L 2011-2012",51.155999999999999
"FA-315","FA-315 FILTRO AIRE. NISSAN MICRA 1.4L 2004-2008, NISSAN NV200 2.0L 2013-2015",53.430999999999997
"FA-326N","FA-326N FILTRO AIRE. GM/ISUZU UNIVERSAL P/CARBURADOR (APLICACIONES GENÉRICAS)",57.97399999999999
"FA-330","FA-330 FILTRO AIRE. CHEVROLET BEAT 1.2L 2018-2021, CHEVROLET SPARK 1.2L 2011-2015, CHEVROLET SPARK CLASSIC 1.2L 2016-2017",51.155999999999999
"FA-333","FA-333 FILTRO AIRE. SUZUKI SWIFT 1.5L 2007-2010",77.291688599999986
"FA-352N","FA-352N FILTRO AIRE. GM/ISUZU/NISSAN UNIVERSAL P/CARBURADOR (APLICACIONES GENÉRICAS)",57.97399999999999
"FA-377","FA-377 FILTRO AIRE. VOLKSWAGEN POINTER 1.8L 1998-2000, VOLKSWAGEN POINTER 2.0L 1998-2009, VOLKSWAGEN POINTER GTI 2.0L 2000-2003, VOLKSWAGEN POINTER PICK UP 1.8L 1999-2010",51.155999999999999
"FA-580","FA-580 FILTRO AIRE. FORD FIESTA 1.3L 1998-2001, FORD FIESTA 1.4L 1998-2000, FORD IKON 1.6L 2000-2007, FORD COURIER 1.6L 2001-2012 C/ESPONJA",52.29
"FA-583","FA-583 FILTRO AIRE. FORD MONDEO 2.0L 2001-2007, FORD MONDEO 2.5L 2001-2007, FORD MONDEO 3.0L 2004-2005",62.523999999999994
"FA-583N","FA-583N FILTRO AIRE 2.0/2.5L (3.0L 04-05) FD MONDEO 01-07",59.546666199999997
"FA-617","FA-617 FILTRO AIRE. DODGE ATTITUDE 3 CIL 1.2L 2015–2020, MITSUBISHI MIRAGE 3 CIL 1.2L 2014–2021, MITSUBISHI MIRAGE G4 3 CIL 1.2L 2017–2021, TOYOTA AVANZA 4 CIL 1.5L 2017–2020",45.471999999999994
"FA-623","FA-623 FILTRO AIRE. SEAT CORDOBA 1.6L 2005-2008, SEAT IBIZA 1.6L 2004-2009, VOLKSWAGEN CROSSFOX 1.6L 2007-2017, VOLKSWAGEN LUPO 1.6L 2005-2009, VOLKSWAGEN SPORTVAN 1.6L 2007-2010",51.155999999999999
"FA-627","FA-627 FILTRO AIRE. VOLKSWAGEN EUROVAN 1.9L DIESEL 2006-2009, VOLKSWAGEN TRANSPORTER 2.0L TDI 2010-2020 C/ESPUMA",73.891999999999996
"FA-672","FA-672 FILTRO AIRE. MITSUBISHI ECLIPSE CROSS 1.5L 2018-2022",96.627999999999986
"FA-1015","FA-1015 FILTRO. MG ZS 1.5L 2020-2024",100.03699999999999
"FA-1077","FA-1077 FILTRO AIRE. MG 5 1.5 L 2021–2023.",62.523999999999994
"FA-1088","FA-1088 FILTRO AIRE. FREIGHTLINER FL360 4.9L DIESEL (MOTOR MITSUBISHI) 2012-2014",500.19199999999995
"FA-1108","FA-1108 FILTRO AIRE. PEUGEOT LANDTREK 2.4L TURBO 2021-2023, CHANGAN HUNTER F70 2.4L/2.5L TURBO 2021-2024, NISSAN X-TRAIL 2.4L 2023",127.32299999999998
"FA-1170","FA-1170 FILTRO AIRE. JAC J7 1.5L TURBO 2021",88.668999999999997
"FA-1190","FA-1190 FILTRO AIRE. CHANGAN ALSVIN 1.4 L 2022–2024, CHANGAN ALSVIN 1.5 L 2022–2024.",65.932999999999993
"FA-1213","FA-1213 FILTRO AIRE. MINI COOPER S 1.6L SUPERCARGADO 2002-2016, MINI CLUBMAN JCW 1.6L 2009-2013, MINI COUNTRYMAN 1.6L 2011-2012",100.03699999999999
"FA-1317","FA-1317 FILTRO AIRE. BMW 125I 6 CIL 3.0L 2009–2013",130.732
"FA-1324","FA-1324 FILTRO AIRE. HINO SERIE 500 4.7L DIESEL 2012-, HINO SERIE 500 7.6L DIESEL 2012- (PRIMARIO)",775.29899999999986
"FA-1326","FA-1326 FILTRO AIRE. HINO SERIE 500 4.7L DIESEL 2012-2019, HINO SERIE 500 7.6L DIESEL 2012-2019 (SECUNDARIO)",323.98799999999994
"FA-01330","FA-01330 FILTRO AIRE. MAZDA CX-70 3.3L TURBO HÍBRIDO 2025-2026, MAZDA CX-90 3.3L TURBO HÍBRIDO 2025-2026, KIA SPORTAGE 2023",109.13
"FA-1340","FA-1340 FILTRO AIRE. HYUNDAI GRAND I10 1.3L 2015-2017, HYUNDAI GRAND I10 1.2L 2018-2023",56.839999999999996
"FA-1361","FA-1361 FILTRO AIRE. BMW 120I 4 CIL 2.0L 2005–2012",112.54599999999999
"FA-1368","FA-1368 FILTRO AIRE. SUZUKI BALENO 4 CIL 1.4L 2021–2022.",62.523999999999994
"FA-1378","FA-1378 FILTRO AIRE. SUZUKI JIMNY 1.5L 2019-2022, SUZUKI SX4 2.0L 2007-2009",62.523999999999994
"FA-1485","FA-1485 FILTRO AIRE. CHEVROLET MATIZ 1.0L 2011-2015, PONTIAC MATIZ 1.0L 2006-2010",45.471999999999994
"FA-1587","FA-1587 FILTRO AIRE. MITSUBISHI XPANDER CROSS 1.5L 2021-2022",56.839999999999996
"FA-1642","FA-1642 FILTRO AIRE. RENAULT SCALA 1.6L 2011-2013",85.259999999999991
"FA-1659","FA-1659 FILTRO AIRE. RENAULT, DUSTER, MOTOR 1.3L TURBO, 2021–2023; RENAULT, CAPTUR, MOTOR 1.3L TURBO, 2021–2023",73.891999999999996
"FA-1931","FA-1931 FILTRO AIRE. FORD TRANSIT CUSTOM 2.2L DIESEL TURBO (SECUNDARIO) 2014-2022",51.155999999999999
"FA-1939","FA-1939 FILTRO AIRE. FORD ESCAPE 1.5L/2.0L TURBO 2020–2022, FORD MAVERICK 2.0L TURBO / 2.5L HÍBRIDO 2022–, LINCOLN CORSAIR 2.0L TURBO 2020–, FORD BRONCO SPORT 2021–",88.668999999999997
"FA-1951","FA-1951 FILTRO AIRE. CHEVROLET S10 MAX 2.4L GASOLINA 2022-2024, FORD F-250/F-350 SUPER DUTY V8 6.7L DIESEL 2016",96.627999999999986
"FA-1955","FA-1955 FILTRO AIRE. VOLKSWAGEN DELIVERY 8.160/9.160 3.8L CUMMINS ISF 160 DIESEL 2016-2021 (PRIMARIO)",450.16999999999996
"FA-2058","FA-2058 FILTRO AIRE. FORD BRONCO 3.0L 2022–2025, FORD RANGER 3.0L 2022–2025; TAMBIÉN TOYOTA COROLLA/CALDINA/SPRINTER 1.3L–1.5L (1991–2002, SEGÚN MOTOR 4E/5E/7A)",142.1
"FA-2082","FA-2082 FILTRO AIRE. FORD TERRITORY 1.8L TURBO 2023-, FORD RANGER XLT DIESEL 2023, RENAULT SCENIC II 2.0L 2008",79.575999999999993
"FA-2203","FA-2203 FILTRO AIRE. CHEVROLET S10 MAX 2.0L TURBO 4X4 2022-2023, CHEVROLET S10 MAX 2.4L 4X2 2022-2023",96.627999999999986
"FA-2210","FA-2210 FILTRO AIRE. JAC SEI 3 1.4L/1.6L 2018-2021",77.301000000000002
"FA-2297N","FA-2297N FILTRO AIRE. BUICK ENVISION 2.0L 2016-2020, BUICK ENVISION 2.5L 2017-2020 C/FELPA",102.312
"FA-2320","FA-2320 FILTRO AIRE. CHEVROLET, CAPTIVA, MOTOR 1.5L TURBO, 2020–2024",62.523999999999994
"FA-2374","FA-2374 FILTRO AIRE. CHEVROLET GROOVE 4 CIL 1.5L 2021–2022, CHEVROLET AVEO 4 CIL 1.5L 2024–2025",68.207999999999998
"FA-2510","FA-2510 FILTRO AIRE. DODGE, ATOS, MOTOR 1.0L L4, 2001–2004",60.248999999999988
"FA-2627","FA-2627 FILTRO AIRE. CHEVROLET ONIX 1.0L TURBO 2023-2024, CHEVROLET ONIX 1.3L 2023-2024",62.523999999999994
"FA-2644","FA-2644 FILTRO AIRE. CHEVROLET ONIX 1.0L/1.2L 2020-2022, CHEVROLET TRACKER 1.2L TURBO 2021-2025, CHEVROLET MONTANA 1.2L TURBO 2024",73.891999999999996
"FA-2719N","FA-2719N FILTRO AIRE. TOYOTA 4RUNNER 2.4L 1984-1990, TOYOTA PICK UP 2.4L 1984-1990 (CARBURADOR)",57.97399999999999
"FA-2750","FA-2750 FILTRO AIRE. DODGE, ATOS, MOTOR 1.1L L4, 2005–2012",45.471999999999994
"FA-2811","FA-2811 FILTRO AIRE. DODGE H100 2.5L DIESEL 2007-2010, DODGE H100 VAN 2.5L DIESEL 2010-2013, RAM H100 VAN 2.5L DIESEL 2014",96.627999999999986
"FA-2813","FA-2813 FILTRO AIRE. DODGE I10 1.1L 2012-2014, HYUNDAI H100 VAN 2.5L DIESEL 2008-2010",51.155999999999999
"FA-3040","FA-3040 FILTRO AIRE. KIA PICANTO 1.0L 2011, JAC FRISON T6/T8 2.0L TURBO 2018",96.627999999999986
"FA-3373","FA-3373 FILTRO AIRE. VOLKSWAGEN JETTA 1.6L 1981-1992, VW VOCHO SEDÁN 1.6L 1974-2004, JEEP WRANGLER 2.5L 1987-1995, JEEP WRANGLER 4.0L 1991-1995",47.746999999999993
"FA-3523N","FA-3523N FILTRO AIRE. PONTIAC T1000 1.6L 1985-1987, PONTIAC ACADIAN 1.6L 1985-1987, CHEVROLET CHEVETTE 1.6L 1985-1987, FREIGHTLINER CAMIONES DIESEL 1980-1990, INTERNATIONAL CAMIONES DIESEL 1980-1990, KENWORTH CAMIONES DIESEL 1980-1990, MACK CAMIONES DIESEL 1980-1990",61.39
"FA-3549N","FA-3549N FILTRO AIRE. CHEVROLET, BLAZER, MOTOR V8, 1990–1994; CHEVROLET, SUBURBAN, MOTOR V8, 1990–1995; CHEVROLET, SILVERADO, MOTOR V8, 1990–1995; GMC, PICK-UP C&K, MOTOR V8, 1990–1995; IVECO, DAILY, MOTOR DIESEL, 1990–1995; VOLVO, VARIOS MODELOS, MOTOR DIESEL, 1990–1995",113.67999999999999
"FA-3588N","FILTRO AIRE. BUICK CENTURY 4.4L V8 1981, BUICK LESABRE 4.4L V8 1982, BUICK REGAL 4.4L V8 1981-1982, CADILLAC DEVILLE/FLEETWOOD 4.1L V8 1985-1987, CHEVROLET ASTRO 4.3L V6 1985-1994, CHEVROLET CAMARO 3.8L V6/4.4L V8 1981, CHEVROLET CAPRICE 3.8L V6/4.4L V8 1981-1984, CHEVROLET C1500 4.1L V6 1994-1998, CHEVROLET BEL AIR 4.4L V8 1981, INCLUYE APLICACIONES EN CHECKER MARATHON 1980-1982",57.97399999999999
"FA-3660","FA-3660 FILTRO AIRE. AUDI 4000 1.6L 1980, AUDI 4000 1.7L 1981-1983, AUDI 4000 1.8L 1984, AUDI 4000 2.2L 1980-1984, AUDI FOX 1.6L 1975-1979, CHRYSLER DAYTONA 2.2L 1992-1993, CHRYSLER DAYTONA 3.0L 1990-1993, CHRYSLER DYNASTY 3.0L 1988-1990, CHRYSLER E CLASS 2.2L 1984, CHRYSLER GRAND VOYAGER 3.0L/3.3L 2000, CHRYSLER TOWN & COUNTRY 3.8L 1996-2000",50.021999999999991
"FA-3681N","FA-3681N FILTRO AIRE. GMC S15 2.0L 1984, GMC S15 2.8L 1984-1985, CHEVROLET S10 2.8L 1984-1985, CHEVROLET S10 BLAZER 2.0L 1984, CHEVROLET S10 BLAZER 2.8L 1984-1985",61.39
"FA-3901","FA-3901 FILTRO AIRE. DODGE DAKOTA 2.5L 1997-2002, DODGE DAKOTA 3.7L 2004-2012, DODGE DAKOTA 3.9L 1997-2003, DODGE DAKOTA 4.7L 2000-2010, DODGE DAKOTA 5.2L 1997-1999, DODGE DAKOTA 5.9L 1998-2003, DODGE DURANGO 3.9L 1998-1999, DODGE DURANGO 4.7L 2000-2003, DODGE DURANGO 5.2L 1998-2000, DODGE DURANGO 5.9L 1998-2003, DODGE RAM 1500 3.9L 1994-2002, DODGE RAM 1500 5.2L 1994-2001, DODGE RAM 1500 5.9L 1994-2001, MITSUBISHI RAIDER 3.7L/4.7L 2006-2007 C/MALLA METALICA",61.378238599999996
"FA-4309","FA-4309 FILTRO AIRE LARGO. NISSAN SENTRA 1.8L 2001-2006, NISSAN SENTRA 2.0L 1991-2001, NISSAN X-TRAIL 2.5L 2005-2010, NISSAN TSURU III 1.6L 1993-1998",36.378999999999998
"FA-4309N","FA-4309N FILTRO AIRE LARGO. NISSAN SENTRA 1.8L 2001-2006, NISSAN SENTRA 2.0L 1991-2001, NISSAN X-TRAIL 2.5L 2005-2010, NISSAN TSURU III 1.6L 1993-1998",36.378999999999998
"FA-4494","FA-4494 FILTRO AIRE. CHEVROLET MATIZ 1.0L 2004-2005, PONTIAC MATIZ 1.0L 2004-2005",52.29
"FA-4939","FA-4939 FILTRO AIRE. CHEVROLET LUV 2.3 L 1997, HONDA PASSPORT 2.6 L 1994–1995, ISUZU AMIGO 2.6 L 1989–1994, ISUZU PICKUP 2.3 L 1995, ISUZU PICKUP 2.6 L 1988–1995, ISUZU RODEO 2.6 L 1991–1995, ISUZU TROOPER 2.6 L 1988–1991, TOYOTA 4RUNNER 3.0 L 1988–1995, TOYOTA CRESSIDA 2.8 L 1985–1988, TOYOTA CRESSIDA 3.0 L 1989–1992, TOYOTA MR2 1.6 L 1987–1989, TOYOTA PICKUP 3.0 L 1988–1995, TOYOTA SUPRA 3.0 L 1986–1992. T/PASTEL",73.891999999999996
"FA-5058","FA-5058 FILTRO AIRE. FORD AEROSTAR 3.0L 1986-1997, FORD AEROSTAR 4.0L 1990-1997, FORD BRONCO II 2.9L 1988-1990, FORD COUGAR 3.8L 1991, FORD EXPLORER 4.0L 1991-1994, FORD PROBE 2.2L 1990, FORD RANGER 2.3L 1989-1994, FORD RANGER 2.9L 1988-1992, FORD RANGER 3.0L 1991-1994, FORD RANGER 4.0L 1990-1994, FORD SABLE 3.8L 1994-1995, FORD TAURUS 2.5L 1986-1991, FORD TAURUS 3.0L 1986-1995, FORD TAURUS 3.8L 1988-1995, FORD WINDSTAR 3.0L/3.8L 1995-1998, LINCOLN CONTINENTAL 3.8L 1994-1995",56.839999999999996
"FA-5206","FA-5206 FILTRO AIRE. DODGE NEON 1.4L 2017, DODGE NEON 1.6L 2017-2020",123.914
"FA-5466","FA-5466 FILTRO AIRE. TOYOTA COROLLA 1.6L 1993-1997, TOYOTA COROLLA 1.8L 1993-2002, CHEVROLET PRIZM 1.8L 1998-2002, MAZDA MILLENIA 2.3L 1995-2002",62.523999999999994
"FA-5496","FA-5496 FILTRO AIRE. PEUGEOT, 206, MOTOR 1.4L L4, 2000–2009; PEUGEOT, 206, MOTOR 1.6L L4, 2000–2009; CHEVROLET, CHEVY, MOTOR 1.4L L4, 1994–2002; CHEVROLET, CHEVY, MOTOR 1.6L L4, 1996–2012; CHEVROLET, CHEVY MONZA, MOTOR 1.6L L4, 2003; CHEVROLET, CHEVY PICKUP, MOTOR 1.6L L4, 1999–2003; CHEVROLET, TIGRA, MOTOR 1.6L L4, 1999",36.378999999999998
"FA-5538","FA-5538 FILTRO AIRE. ISUZU FORWARD 800/1100 5.2L DIESEL SECUNDARIO 2013-2020",295.56799999999998
"FA-5539","FA-5539 FILTRO AIRE. ISUZU FORWARD 800/1100 5.2L DIESEL PRIMARIO 2013-2020",500.19199999999995
"FA-5627","FA-5627 FILTRO AIRE. FIAT ALBEA 1.8L 2009-2011, FIAT IDEA 1.8L 2008-2009, FIAT PALIO 1.6L 2004-2005, FIAT PALIO 1.8L 2005-2008, FIAT STRADA 1.6L 2012-2014, FIAT STRADA 1.8L 2007-2011, DODGE VISION 1.6L 2015-2017",55.705999999999996
"FA-5701","FA-5701 FILTRO AIRE. DODGE, ATOS, MOTOR 1.1L L4, 2009–2012",68.207999999999998
"FA-5970","FA-5970 FILTRO AIRE. CHEVROLET, ASTRA, MOTOR 1.8L, 2000–2008; CHEVROLET, ZAFIRA, MOTOR 1.8L, 2002–2006; CHEVROLET, ZAFIRA, MOTOR 2.0L, 2007–2008",65.932999999999993
"FA-5970N","FA-5970N FILTRO AIRE 1.8L (2.0L 07-08, ZAFIRA 1.8L 02-06) GM ASTRA 00-08",62.794666199999995
"FA-6302","FA-6302 FILTRO AIRE. VOLKSWAGEN DELIVERY 8.160/9.160 3.8L CUMMINS ISF 160 DIESEL 2016-2021 (SECUNDARIO)",375.14399999999995
"FA-6362N","FA-6362N FILTRO AIRE. MITSUBISHI MIRAGE 1.6L 1987-1992, MITSUBISHI COLT 1.5L/1.6L/1.8L/2.0L 1987-1994, MITSUBISHI ECLIPSE 1.8L/2.0L 1990-1994, HYUNDAI H100 VAN 2.4L 2008-2013",119.364
"FA-6366","FA-6366 FILTRO AIRE. FORD F-150 4.9L/5.0L/5.8L 1987-1996, FORD F-250 4.9L/5.0L/5.8L 1987-1997, FORD F-350 4.9L/5.0L/5.8L/7.5L 1987-1997, FORD BRONCO 4.9L/5.0L/5.8L 1987-1996, FORD F-450 SUPER DUTY 7.5L 1997",51.155999999999999
"FA-6366N","FA-6366N FILTRO AIRE L6 4.9L, V8 5.0/5.8L/7.5L (VAN E-150/250/350) FD F-150/250/350 PICK UP 87-97",48.719999999999992
"FA-6395","FA-6395 FILTRO AIRE. GEO PRIZM 1.6L 1989-1992, LEXUS ES250 2.5L 1990-1991, TOYOTA CAMRY 2.5L 1988-1991, TOYOTA CELICA 2.0L/2.2L 1986-1993, TOYOTA COROLLA 1.6L 1990-1992, TOYOTA MR2 2.0L/2.2L 1991-1995, TOYOTA RAV4 2.0L 1996-2000",68.207999999999998
"FA-6690","FA-6690 FILTRO AIRE. ISUZU IMPULSE 1.6L 1991-1992, ISUZU IMPULSE 1.8L 1992, MAZDA 929 3.0L 1992-1995, TOYOTA 4RUNNER 2.4L 1989-1995, TOYOTA 4RUNNER 2.7L 1996-2000, TOYOTA PICKUP 2.4L 1989-1995, TOYOTA PREVIA 2.4L 1991-1997, TOYOTA TACOMA 2.4L/2.7L 1995-2004",56.839999999999996
"FA-6850","FA-6850 FILTRO AIRE. NISSAN FRONTIER 2.4L 1994-2004, NISSAN NP300 2.4L 2012-2015, NISSAN XTERRA 2.4L 2000-2004, NISSAN PICK-UP D21 2.4L 1990-1997 PLATILLO C/EMPAQUE",79.575999999999993
"FA-6850N","FA-6850N FILTRO AIRE. NISSAN FRONTIER/NP300/XTERRA 2.4L 1990-2015, NISSAN D21/D22 2.4L ESTACAS 1990-2015 C/BOLSA",79.575999999999993
"FA-6900","FA-6900 FILTRO AIRE CORTO. INFINITI FX35 3.5L 2008-2012, INFINITI FX37 3.7L 2013, INFINITI FX50 5.0L 2009-2013, INFINITI M56 5.6L 2011-2013, INFINITI Q50 3.0L 2016-2022, INFINITI Q60 3.0L 2017-2021, INFINITI Q70/Q70L 5.6L 2014-2019, INFINITI QX70 3.7L/5.0L 2014-2018, NISSAN 300ZX 3.0L 1990-1996, NISSAN JUKE 1.6L 2011-2017, NISSAN ROGUE 2.5L 2008-2013, NISSAN SENTRA 1.6L/1.8L 2019, RENAULT KOLEOS 2.5L 2008-2014",36.376773299999996
"FA-6900M","FA-6900M FILTRO AIRE CORTO C/MARCO T/ORIGINAL. NISSAN SENTRA 1.8L 2013-2015, NISSAN ROGUE 2.5L 2008-2014, RENAULT KOLEOS 2.5L 2008-2014, NISSAN JUKE 1.6L 1995-2017",43.196999999999996
"FA-6900N","FA-6900N FILTRO AIRE. CORTO C/BOLSA INFINITI Q50 3.0L V6 2016-2022, INFINITI Q60 3.0L V6 2017-2021, INFINITI Q70/Q70L 5.6L V8 2014-2019, NISSAN SENTRA 1.6L/1.8L 2013-2019, NISSAN ROGUE 2.5L 2008-2014, NISSAN JUKE 1.6L 2011-2017, RENAULT KOLEOS 2.5L 2008-2014, NISSAN 300ZX 3.0L V6 1990-1996",36.378999999999998
"FA-7351","FA-7351 FILTRO AIRE. TOYOTA, CAMRY, MOTOR 2.2L L4, 1992–2001; TOYOTA, CAMRY, MOTOR 3.0L V6, 1992–2003; TOYOTA, SIENNA, MOTOR 3.0L V6, 1998–2003; TOYOTA, CELICA, MOTOR 2.2L L4, 1994–1999; TOYOTA, SOLARA, MOTOR 3.0L V6, 1999–2003",62.523999999999994
"FA-7417","FA-7417 FILTRO AIRE. HONDA PASSPORT 3.2L 1994-2002, CHEVROLET LUV 2.3L 1999-2001, CHEVROLET LUV 2.2L 2002-2006",88.668999999999997
"FA-7420","FA-7420 FILTRO AIRE. ACURA CL 2.2 L 1997, ACURA CL 2.3 L 1998–1999, HONDA ACCORD 2.2 L 1994–1997, HONDA ODYSSEY 2.2 L 1995–1997, HONDA ODYSSEY 2.3 L 1998, ISUZU OASIS 2.2 L 1996–1997, ISUZU OASIS 2.3 L 1998–1999.",90.943999999999988
"FA-7421","FA-7421 FILTRO AIRE. CHEVROLET, ASTRO, MOTOR 4.3L V6, 1992–2005; CHEVROLET, BLAZER, MOTOR 4.3L V6, 1995–2005; CHEVROLET, CAMARO, MOTOR 3.4L V6, 1993–1995; CHEVROLET, CAMARO, MOTOR 3.8L V6, 1995–1997; CHEVROLET, CAMARO, MOTOR 5.7L V8, 1993–1997; CHEVROLET, S10, MOTOR 2.2L L4, 1994–2003; CHEVROLET, S10, MOTOR 4.3L V6, 1992–2004; GMC, JIMMY, MOTOR 4.3L V6, 1992–2005; GMC, SAFARI, MOTOR 4.3L V6, 1992–2005; GMC, SONOMA, MOTOR 2.2L L4, 1994–2003; GMC, SONOMA, MOTOR 4.3L V6, 1992–2004; GMC, SYCLONE, MOTOR 4.3L V6, 1991; GMC, TYPHOON, MOTOR 4.3L V6, 1992–1993; ISUZU, HOMBRE, MOTOR 2.2L L4, 1996–2000; ISUZU, HOMBRE, MOTOR 4.3L V6, 1996–2000",56.839999999999996
"FA-7431","FA-7431 FILTRO AIRE. VOLKSWAGEN JETTA A3 1.8L/2.0L 1993-1999, VOLKSWAGEN CABRIO 2.0L 1997-2002, VOLKSWAGEN GOLF A3 1.8L/2.0L 1993-1999",62.523999999999994
"FA-7432","FA-7432 FILTRO AIRE. CHRYSLER CIRRUS 2.0L/2.4L 1995-2000, CHRYSLER CIRRUS 2.5L V6 1998-2000, DODGE STRATUS 2.4L 1995-2000, CHRYSLER SEBRING JX 2.4L 1996-1999",52.29
"FA-7440","FA-7440 FILTRO AIRE. JEEP GRAND CHEROKEE 4.0L 1993-2004, NISSAN FRONTIER 4.0L V6 2005-2009, NISSAN PATHFINDER 4.0L V6 2005-2012, NISSAN XTERRA 4.0L V6 2005-2009, NISSAN ARMADA 5.6L V8 2004-2012, NISSAN PATHFINDER 5.6L V8 2008-2012",68.207999999999998
"FA-7626","FA-7626 FILTRO AIRE. LEXUS SC300 3.0 L 1992–2000, LEXUS SC400 4.0 L 1992–2000, TOYOTA 4RUNNER 3.4 L V6 1996–2002, TOYOTA SUPRA 3.0 L 1993–1998, TOYOTA TACOMA 3.4 L V6 1995–2004.",69.341999999999999
"FA-7651","FA-7651 FILTRO AIRE. AUDI A4 1.8L/2.8L 1996–2001, AUDI A6 2.8L/3.0L/4.2L 1998–2006, AUDI A8 4.2L 2003, AUDI ALLROAD/S4/RS4/S6 VARIOS MOTORES 1998–2005, BMW X5 4.4L/4.6L/4.8L 2000–2006, VW PASSAT 1998–2005",65.932999999999993
"FA-7764","FA-7764 FILTRO AIRE. HONDA CIVIC 1.6L 1996-2000, HONDA CR-V 2.0L 1997-2001",62.523999999999994
"FA-7774","FA-7774 FILTRO AIRE. FORD EXPLORER 4.0L 1995-1996, FORD RANGER 2.3L/3.0L/4.0L 1995-1997, FORD WINDSTAR 3.0L 1999-2000, FORD WINDSTAR 3.8L 1996-2003, MAZDA B2300 2.3L 1995-1997, MAZDA B3000 3.0L 1995-1997, MAZDA B4000 4.0L 1995-1997",77.301000000000002
"FA-7805","FA-7805 FILTRO AIRE. SUZUKI SWIFT 1.0L BOOSTERJET 2018-2019",79.575999999999993
"FA-8039","FA-8039 FILTRO AIRE. FORD E-350 SUPER DUTY 6.2L/6.8L 2017-2019, FORD E-450 SUPER DUTY 6.2L/6.8L 2016-2019, FORD F-150/F-350/F-450 ECONOLINE CLUB WAGON 6.2L/6.8L 2016-2019",85.259999999999991
"FA-8060","FA-8060 FILTRO AIRE. VOLKSWAGEN CARAVELLE 1.8L 1995-1996, VOLKSWAGEN COMBI 1.8L 1988-2001, VOLKSWAGEN PANEL 1.8L 1989-2001",85.259999999999991
"FA-8060N","FA-8060N FILTRO AIRE 1.8L VW COMBI 88-02",86.613333799999992
"FA-8074","FA-8074 FILTRO AIRE. SUZUKI, CIAZ, MOTOR 1.4L L4, 2016–2017",67.073999999999998
"FA-8220","FA-8220 FILTRO AIRE. BMW 750IL 5.4L V12 1996-2001, BMW X5 3.0L 2001-2006",85.259999999999991
"FA-8221","FA-8221 FILTRO AIRE. CHEVROLET CLASSIC 2.2L 2004-2005, CHEVROLET MALIBU 2.4L 1997-1999, CHEVROLET MALIBU 3.1L 1997-2003, OLDSMOBILE ALERO 2.2L/2.4L/3.4L 1999-2004, OLDSMOBILE CUTLASS 3.1L 1997-1999, PONTIAC GRAND AM 2.2L/2.4L/3.4L 1999-2005",56.839999999999996
"FA-8243","FA-8243 FILTRO AIRE. FORD RANGER 2.3L 2001-2012, FORD RANGER 2.5L 1998-2001, FORD RANGER 3.0L 1998-2008, FORD RANGER 4.0L 1998-2011, FORD EXPLORER 4.0L 1997-2001, FORD EXPLORER 5.0L 1996-2001, FORD EXPLORER SPORT TRAC 4.0L 2001-2005, MAZDA B2300/B2500/B3000/B4000 1998-2010",56.839999999999996
"FA-8510","FA-8510 FILTRO AIRE. JAC J4 1.5L 2018-2022",90.943999999999988
"FA-8602","FA-8602 FILTRO AIRE. VOLKSWAGEN JETTA A4 2.0L 2000-2011, VOLKSWAGEN BEETLE 2.0L 1998-2005, VOLKSWAGEN GOLF GTI 1.8L TURBO 2000-2005, VOLKSWAGEN GOLF 1.8L 2001-2005",62.523999999999994
"FA-8710","FA-8710 FILTRO AIRE. JAC SEI 2 (S2) 1.5L/1.6L 2014-2017, JAC S2 1.5L 2015-2017",62.523999999999994
"FA-8736","FA-8736 FILTRO AIRE. FORD FIESTA 1.4L 2000, FORD KA 1.6L 2001-2008",65.932999999999993
"FA-8755","FA-8755 FILTRO AIRE. CADILLAC, ESCALADE, MOTOR 5.3L V8, 2002–2005; CADILLAC, ESCALADE, MOTOR 6.0L V8, 2002–2013; CADILLAC, ESCALADE, MOTOR 6.2L V8, 2007–2020; CHEVROLET, SILVERADO, MOTOR 5.3L V8, 1999–2008; CHEVROLET, AVALANCHE, MOTOR 5.3L V8, 2002–2013; CHEVROLET, AVALANCHE, MOTOR 6.0L V8, 2007–2009; CHEVROLET, AVALANCHE, MOTOR 8.1L V8, 2002–2006",68.207999999999998
"FA-8767","FA-8767 FILTRO AIRE. MERCEDES-BENZ C230 2.3L 1996-2000, MERCEDES-BENZ C280 2.8L 1998-2000, MERCEDES-BENZ CLK320 3.2L 1999-2002, MERCEDES-BENZ ML350 3.7L 2003-2004, MERCEDES-BENZ ML430 4.3L 1999-2001, MERCEDES-BENZ ML500 5.0L 2002-2004, MERCEDES-BENZ ML55 AMG 5.5L 2000-2003, MERCEDES-BENZ SLR MCLAREN 5.5L 2005-2009, MERCEDES-BENZ SLK55 AMG 2009-2013",96.627999999999986
"FA-8768","FA-8768 FILTRO AIRE. MERCEDES-BENZ, C240, MOTOR 2.6L V6, 2001–2005; MERCEDES-BENZ, C250, MOTOR 2.5L V6, 2010–2012; MERCEDES-BENZ, C280, MOTOR 3.0L V6, 2006–2008; MERCEDES-BENZ, C300, MOTOR 3.0L V6, 2008–2012; MERCEDES-BENZ, C320, MOTOR 3.2L V6, 2001–2005; MERCEDES-BENZ, C350, MOTOR 3.5L V6, 2006–2013; MERCEDES-BENZ, CL500, MOTOR 5.0L V8, 2001–2006; MERCEDES-BENZ, E320, MOTOR 3.2L V6, 2003–2005; MERCEDES-BENZ, E350, MOTOR 3.5L V6, 2005–2011; MERCEDES-BENZ, ML350, MOTOR 3.5L V6, 2006–2011; MERCEDES-BENZ, ML450, MOTOR 4.7L V8, 2010–2011",225.08499999999998
"FA-8805","FA-8805 FILTRO AIRE. DODGE NEON 2.0L 2000-2005, DODGE NEON 2.4L TURBO 2004-2006, DODGE NEON 2.5L 2004-2005",70.48299999999999
"FA-8805N","FA-8805N FILTRO AIRE 2.0L (2.4L 03-05, SX 2.0 2.0L 03-05) CR/DG NEON 00-05",67.125333799999993
"FA-8817","FA-8817 FILTRO AIRE. JEEP LIBERTY 3.7L V6 2002-2007, JEEP COMMANDER 3.7L V6 2006-2007",62.523999999999994
"FA-8911","FA-8911 FILTRO AIRE. HONDA, CIVIC, MOTOR 1.7L L4, 2001–2005; ACURA, EL, MOTOR 1.7L L4, 2001–2005",70.48299999999999
"FA-8918","FA-8918 FILTRO AIRE. LEXUS GX470 4.7 L V8 2003–2009, LEXUS LX470 4.7 L V8 1998–2007, TOYOTA 4RUNNER 2.7 L 4 CIL 2010, TOYOTA 4RUNNER 4.7 L V8 2003–2009, TOYOTA LAND CRUISER 4.7 L V8 1998–2007, TOYOTA SEQUOIA 4.7 L V8 2001–2007, TOYOTA TUNDRA 3.4 L V6 2000–2004, TOYOTA TUNDRA 4.7 L V8 2000–2006.",62.523999999999994
"FA-8919","FA-8919 FILTRO AIRE. FORD TRANSIT 2.2L DIESEL 2018-, NISSAN FRONTIER DIESEL 2.5L YD25 2015-",65.932999999999993
"FA-8922","FA-8922 FILTRO AIRE. MAZDA 6 2.3L 2003-2008, MAZDA MPV 2.5L 2000-2001, MAZDA MPV 3.0L 2002-2006",76.167000000000002
"FA-8922N","FA-8922N FILTRO AIRE 2.3L (MPV V6 2.5L 00-01, V6 3.0L 02-06) MZ MAZDA 6 03-08",72.538666199999994
"FA-8956","FA-8956 FILTRO AIRE. FORD FREESTAR 3.9L/4.2L 2004-2007, FORD THUNDERBIRD 3.9L 2002-2005, JAGUAR S-TYPE 3.0L 2000-2002, JAGUAR S-TYPE 4.0L 1999-2002, LINCOLN LS 3.0L/3.9L 2000-2006, MERCURY MONTEREY 4.2L 2004-2007",68.207999999999998
"FA-8997","FA-8997 FILTRO AIRE. FORD ESCAPE 2.0L 2001-2004, FORD ESCAPE 2.3L 2005-2008, FORD ESCAPE 2.5L 2009-2012, FORD ESCAPE 3.0L 2001-2008, FORD TAURUS 3.0L 2000-2007, MAZDA TRIBUTE 2.0L 2001-2004, MAZDA TRIBUTE 2.3L 2005-2008, MAZDA TRIBUTE 2.5L 2009-2011, MAZDA TRIBUTE 3.0L 2001-2008, MERCURY MARINER 2.3L 2005-2008, MERCURY MARINER 2.5L 2009-2011, MERCURY MARINER 3.0L 2005-2008, MERCURY SABLE 3.0L 2000-2005",57.97399999999999
"FA-9022N","FA-9022N FILTRO AIRE. SEAT ALHAMBRA 1.8L/1.9L/2.0L/2.8L 2001-2007, VOLKSWAGEN SHARAN 2000-2007",82.984999999999999
"FA-9031","FA-9031 FILTRO AIRE. BAIC D20 1.5L 2017-2020, BAIC X25 1.5L 2017-2020",56.839999999999996
"FA-9053","FA-9053 FILTRO AIRE. DODGE STRATUS 2.4L 2001-2006",62.523999999999994
"FA-9054","FA-9054 FILTRO AIRE. CHRYSLER TOWN & COUNTRY 3.3L/3.8L V6 2001-2010, DODGE AVENGER 2.4L/2.7L 2008-2012, CHRYSLER 200 2.4L 2011-2014, DODGE JOURNEY 3.5L 2009-2010",59.114999999999995
"FA-9133","FA-9133 FILTRO AIRE. MAZDA 3 2.0L 2019-2021, MAZDA 3 2.5L 2019-2021, MAZDA 3 SPORT 2.0L 2019-2021, MAZDA 3 SPORT 2.5L 2019-2021, MAZDA CX-30 2.0L 2020-2022, MAZDA CX-30 2.5L 2020-2022",73.891999999999996
"FA-9269","FA-9269 FILTRO AIRE. CHEVROLET EXPRESS 1500 4.3L/5.0L/5.3L/5.7L/6.0L 2001-2014, CHEVROLET EXPRESS 2500 4.3L/4.8L/5.0L/5.3L/5.7L/6.0L 2001-2017, CHEVROLET EXPRESS 3500 4.8L/5.7L/6.0L 2001-2016, GMC SAVANA 2500/3500 4.3L/4.8L/5.7L/6.0L 2001-2016",97.761999999999986
"FA-9315","FA-9315 FILTRO AIRE. MERCEDES-BENZ CL600 6.0L 1996-1999, MERCEDES-BENZ S600 6.0L 1994-1999, MERCEDES-BENZ SL600 6.0L 1994-2002, PEUGEOT 301 1.6L 2015-2017, PEUGEOT PARTNER GRAND RAID 1.6L 2006-2010",62.523999999999994
"FA-9329","FA-9329 FILTRO AIRE. FIAT 500 1.4L 2009-2011, DODGE NEON 1.4L 2017",85.259999999999991
"FA-9332","FA-9332 FILTRO AIRE. FORD EXPLORER 4.0L 2002-2010, FORD EXPLORER 4.6L 2002-2005, FORD EXPLORER SPORT TRAC 4.0L 2007-2010, LINCOLN AVIATOR 4.6L 2003-2005, MERCURY MOUNTAINEER 4.0L 2002-2010, MERCURY MOUNTAINEER 4.6L 2002-2005",62.523999999999994
"FA-9359","FA-9359 FILTRO AIRE. TOYOTA RAV4 2.0L 2001-2003, TOYOTA RAV4 2.4L 2004-2005",47.746999999999993
"FA-9360","FA-9360 FILTRO AIRE. TOYOTA, CAMRY, MOTOR 2.4L L4, 2002–2011; TOYOTA, CAMRY, MOTOR 3.0L V6, 2002–2006; TOYOTA, CAMRY, MOTOR 3.3L V6, 2004–2006; TOYOTA, HIGHLANDER, MOTOR 2.4L L4, 2001–2007; TOYOTA, HIGHLANDER, MOTOR 2.7L L4, 2009–2013; TOYOTA, HIGHLANDER, MOTOR 3.0L V6, 2001–2003; TOYOTA, HIGHLANDER, MOTOR 3.3L V6, 2004–2007; TOYOTA, HIGHLANDER, MOTOR 3.5L V6, 2008–2013; TOYOTA, SIENNA, MOTOR 3.3L V6, 2004–2006; TOYOTA, SIENNA, MOTOR 3.5L V6, 2007–2010; TOYOTA, SOLARA, MOTOR 2.4L L4, 2004–2008",61.39
"FA-9361","FA-9361 FILTRO AIRE. ACURA MDX 3.5L 2001-2006, HONDA PILOT 3.5L 2003-2008",62.523999999999994
"FA-9401","FA-9401 FILTRO AIRE. DODGE RAM 1500 3.7L 2002-2013, DODGE RAM 1500 4.7L 2002-2013, DODGE RAM 1500 5.7L 2003-2022, DODGE RAM 1500 5.9L 2002-2003, DODGE RAM 2500 4.7L 2002-2010, DODGE RAM 2500 5.7L 2003-2010, DODGE RAM 2500 8.0L V10 2003, DODGE RAM 3500 5.7L 2003-2009, DODGE RAM 3500 8.0L V10 2003, DODGE RAM 4000 5.7L 2005-2010, RAM 1500 3.6L 2013-2022, RAM 1500 CLASSIC 3.6L 2019-2022",77.301000000000002
"FA-9435","FA-9435 FILTRO AIRE. MINI COOPER 1.6L 2002-2008 CORTO",72.757999999999996
"FA-9482","FA-9482 FILTRO AIRE. TOYOTA COROLLA 1.8L 2003-2008, TOYOTA MATRIX 1.8L 2003-2008, PONTIAC VIBE 1.8L 2003-2008, LOTUS ELISE 1.8L 2010-2011, SCION TC 2.4L 2005-2010, SCION FR-S 2.0L 2013-2016, SUBARU BRZ 2.0L 2013-2020, TOYOTA 86 2.0L 2017-2020",45.471999999999994
"FA-9492","FA-9492 FILTRO AIRE. BUICK LUCERNE 3.8L 2006-2008, BUICK LUCERNE 3.9L 2009-2011, BUICK LUCERNE 4.6L 2006-2011, CADILLAC DTS 4.6L 2006-2011, CHEVROLET EQUINOX 3.4L 2005-2009, CHEVROLET EQUINOX 3.6L 2008-2009, CHEVROLET MALIBU 2.4L 2008-2012, CHEVROLET MALIBU 3.5L 2008-2010, CHEVROLET MALIBU 3.6L 2008-2012, PONTIAC G6 2.4L 2009-2010, PONTIAC G6 3.5L 2009, PONTIAC G6 3.6L 2007-2009, PONTIAC TORRENT 3.4L 2006-2009, PONTIAC TORRENT 3.6L 2008-2009, SATURN AURA 2.4L 2007-2010",56.839999999999996
"FA-9493","FA-9493 FILTRO AIRE. HONDA CIVIC 2.0L 2002-2005, HONDA CR-V 2.4L 2002-2006, HONDA ELEMENT 2.4L 2003-2006, ACURA RSX 2.0L 2002-2006, ACURA CSX 2.0L 2006",73.891999999999996
"FA-9494","FA-9494 FILTRO AIRE. MINI COOPER 1.6L 2004-2010, FORD FIESTA 1.6L 2013",69.341999999999999
"FA-9511","FA-9511 FILTRO AIRE. FORD FIESTA 1.3L 1998-1999, FORD FIESTA 1.4L 1998-1999, FORD FIESTA 1.6L 2003-2010, FORD FIESTA IKON 1.6L 2011-2014",51.155999999999999
"FA-9551","FA-9551 FILTRO AIRE. HYUNDAI STAREX 2.4L DIESEL 2019-2020",109.13
"FA-9564","FA-9564 FILTRO AIRE. ACURA TSX 2.4 L 2004–2008, HONDA ACCORD 2.4 L 2003–2007, HONDA ACCORD COUPE 2.4 L 2006–2007.",88.668999999999997
"FA-9589N","FA-9589N FILTRO AIRE. DODGE RAM 1500 8.3L V10 GASOLINA 2004-2006, DODGE RAM 2500 5.9L DIESEL 2006-2010, DODGE RAM 3500 5.9L DIESEL 2003-2007, DODGE RAM 4500 5.9L DIESEL 2005-2009",78.441999999999993
"FA-9652","FA-9652 FILTRO AIRE. CHEVROLET VECTRA 2.2L 2003-2008, CHEVROLET VECTRA 2.8L 2006-2008, CHEVROLET TRAX RS 2024",72.757999999999996
"FA-9652N","FA-9652N FILTRO AIRE 2.2/3.2L (VECTRA 2.8L 06-08) GM VECTRA 03-06",69.29066619999999
"FA-9662","FA-9662 FILTRO AIRE. CHRYSLER PACIFICA 3.5L 2004-2008",96.627999999999986
"FA-9662N","FA-9662N FILTRO AIRE 3.8L V6 CR PACIFICA 04-08",113.67999999999999
"FA-9669","FA-9669 FILTRO AIRE. MAZDA 6 2.3L 2003-2007, MAZDA 6 3.0L 2003-2008, MAZDA CX-7 2.3L 2007-2012, MAZDA CX-7 2.5L 2010-2012",68.207999999999998
"FA-9683","FA-9683 FILTRO AIRE. TOYOTA 4RUNNER 4.0 L V6 2003–2009, TOYOTA TACOMA 4.0 L V6 2005–2015, TOYOTA TUNDRA 4.0 L V6 2005–2010, TOYOTA FJ CRUISER 4.0 L V6 2007–2009.",65.933612499999995
"FA-9687","FA-9687 FILTRO AIRE. FORD F-150 5.4L 2004-2008, FORD F-250 SUPER DUTY 5.4L 2005-2007, FORD F-350 SUPER DUTY 5.4L 2005-2007, FORD EXPEDITION 5.4L 2005-2006, FORD LOBO 5.4L 2003-2007, LINCOLN MARK LT 5.4L 2006-2010, LINCOLN NAVIGATOR 5.4L 2005-2006",77.296344999999988
"FA-9711","FA-9711 FILTRO AIRE. AUDI A3 1.8L/2.0L 2008–2013, AUDI TT 1.8L/2.0L/2.5L 2009–2015, AUDI Q3 2.0L 2015–2018, SEAT LEON 1.4L/1.8L/2.0L 2007–2016, VW BEETLE 1.8L/2.0L 2012–2019, VW TIGUAN 2.0L 2009–2017, VW BORA 1.9L TDI 2006–2010",68.207999999999998
"FA-9730","FA-9730 FILTRO AIRE. SEAT CORDOBA 1.6L 2001-2004, SEAT IBIZA 1.6L 2001-2002, VOLKSWAGEN DERBY 1.8L 2006-2009",62.523999999999994
"FA-9778","FA-9778 FILTRO AIRE. CHEVROLET COLORADO 2.8L 2004-2006, CHEVROLET COLORADO 2.9L 2007, CHEVROLET COLORADO 3.5L 2004-2006, CHEVROLET COLORADO 3.7L 2007, GMC CANYON 2.8L 2004-2006, GMC CANYON 2.9L 2007, GMC CANYON 3.5L 2004-2006, GMC CANYON 3.7L 2007, HUMMER H3 3.5L 2006, HUMMER H3 3.7L 2007, ISUZU I-280 2.8L 2006, ISUZU I-290 2.9L 2007, ISUZU I-350 3.5L 2006, ISUZU I-370 3.7L 2007",96.627999999999986
"FA-9790","FA-9790 FILTRO AIRE. MAZDA 6 2.5L 2018-2021, MAZDA CX-5 2.2L 2019, MAZDA CX-5 2.5L 2019-2021, MAZDA CX-9 2.5L 2016-2021",68.207999999999998
"FA-9800","FA-9800 FILTRO AIRE. AUDI A3 1.4L 2008-2015, SEAT ALTEA 1.4L 2010-2012, SEAT ALTEA 2.0L 2005-2006, SEAT ALTEA XL 2.0L 2008-2009, SEAT LEON 1.4L 2008-2015, VOLKSWAGEN CADDY 1.2L 2014-2017, VOLKSWAGEN JETTA 2.0L 2011-2016, VOLKSWAGEN BEETLE 2.0L 2011-2017 CILÍNDRICO",61.39
"FA-9833","FA-9833 FILTRO AIRE. FORD ECOSPORT 2.0L 2004-2012",85.259999999999991
"FA-9838","FA-9838 FILTRO AIRE. CHEVROLET TORNADO 1.8L 2004-2011, CHEVROLET CORSA 1.8L 2003-2008, DODGE CHARGER 2.7L V6 2006-2010, DODGE CHARGER 3.5L V6 2006-2010, DODGE CHARGER 5.7L V8 2006-2010, DODGE CHARGER 6.1L V8 2006-2010, DODGE CHALLENGER 3.5L V6 2008-2010, DODGE CHALLENGER 5.7L V8 2008-2010, DODGE CHALLENGER 6.1L V8 2008-2010",51.155999999999999
"FA-9843","FA-9843 FILTRO AIRE 2.0L TDI C/ESPUMA VW CRAFTER 19-",102.8533338
"FA-9856","FA-9856 FILTRO AIRE. CHEVROLET LCF 3500 6.0L 2016-2018, CHEVROLET LCF 4500 6.0L 2016-2020, CHEVROLET LCF 4500 6.6L 2021, CHEVROLET LCF 4500HD/4500XD/5500HD/5500XD 5.2L 2017-2021, CHEVROLET W3500/W4500/W5500 TILTMASTER 5.2L/6.0L 2008-2010, ISUZU ELF 3.0L/5.2L TURBO DIESEL 2007-2018",215.99199999999999
"FA-9894","FA-9894 FILTRO AIRE. MAZDA 2 1.5L 2008-2015, MAZDA 3 1.6L 2004-2013",52.29
"FA-9895","FA-9895 FILTRO AIRE. FORD MUSTANG 4.0L V6 2005-2010, FORD MUSTANG 4.6L V8 2005-2010",65.932999999999993
"FA-9895N","FA-9895N FILTRO AIRE 4.0L V6 (4.6L V8 05-09) FD MUSTANG 05-10",77.951999999999998
"FA-9898","FA-9898 FILTRO AIRE. MAZDA 3 2.0L/2.3L/2.5L 2004-2013, MAZDA 5 2.0L/2.3L/2.5L 2004-2013",65.932999999999993
"FA-9902","FA-9902 FILTRO AIRE. CHEVROLET AVEO 4 CIL 1.6L 2004–2018, CHEVROLET AVEO5 1.6L 2006–2011, PONTIAC G3/G3 WAVE/WAVE5 1.6L 2005–2010, SUZUKI SWIFT 1.5L 2011, SUZUKI SWIFT+ 1.6L 2004–2009",39.787999999999997
"FA-10013","FA-10013 FILTRO AIRE. HONDA ODYSSEY 3.5L 2005-2010, HONDA PILOT 3.5L 2009-2015, ACURA MDX 3.7L 2007-2009",72.746238599999998
"FA-10015","FA-10015 FILTRO AIRE. HONDA RIDGELINE 3.5L V6 2006-2014",73.891999999999996
"FA-10015N","FA-10015N FILTRO AIRE 3.5L V6 HO RIDGELINE 06-14",74.703999999999994
"FA-10071","FA-10071 FILTRO AIRE FORD. F-250/F-350/F-450 SUPER DUTY 6.8L V10 2005-2007, FORD F-53 6.8L V10 2005-2019, FORD F-59 6.8L V10 2011-2019, FORD TRANSIT 3.7L V6 2015-2018",96.627999999999986
"FA-10085","FA-10085 FILTRO AIRE. VOLKSWAGEN, JETTA, MOTOR 2.5L L5, 2005–2012; VOLKSWAGEN, GOLF, MOTOR 2.5L L5, 2005–2012; VOLKSWAGEN, BORA, MOTOR 2.5L L5, 2005–2010; VOLKSWAGEN, PASSAT, MOTOR 2.5L L5, 2012–2015; VOLKSWAGEN, BEETLE, MOTOR 2.5L L5, 2012–2014",51.155999999999999
"FA-10086","FA-10086 FILTRO AIRE. HYUNDAI TUCSON 2.0L/2.7L 2005-2009, KIA SPORTAGE 2.0L/2.7L 2005-2009",68.207999999999998
"FA-10088","FA-10088 FILTRO AIRE. DODGE, ATTITUDE, MOTOR 1.4L L4, 2006–2014; DODGE, ATTITUDE, MOTOR 1.6L L4, 2006–2014; HYUNDAI, ACCENT, MOTOR 1.6L L4, 2006–2011; KIA, RIO, MOTOR 1.6L L4, 2006–2011; KIA, RIO5, MOTOR 1.6L L4, 2006–2011",45.471999999999994
"FA-10094","FA-10094 FILTRO AIRE. FORD FUSION 2.3L 2006-2010, FORD FUSION 2.5L 2010-2012, MAZDA 6 2.5L 2009-2013, MERCURY MILAN 2.3L 2006-2009, MERCURY MILAN 2.5L 2010-2011, VOLKSWAGEN GOLF 1.4L 2014-2017, VOLKSWAGEN JETTA 1.4L 2019",68.207999999999998
"FA-10110","FA-10110 FILTRO AIRE. BUICK ENCLAVE 3.6 L V6 2007–2017, CHEVROLET TRAVERSE 3.6 L V6 2009–2017, GMC ACADIA 3.6 L V6 2007–2016, GMC ACADIA LIMITED 3.6 L V6 2017, SATURN OUTLOOK 3.6 L V6 2007–2010.",89.81
"FA-10114","FA-10114 FILTRO AIRE. MERCEDES-BENZ VIANO/VITO 2.1L/2.2L CDI DIESEL 2010-2016",100.03699999999999
"FA-10114N","FA-10114N FILTRO AIRE. MERCEDES-BENZ VIANO/VITO 2.1L/2.2L CDI DIESEL 2010-2016 (VARIANTE CON CAJA)",204.624
"FA-10115","FA-10115 FILTRO AIRE. CHEVROLET, CAPTIVA, MOTOR 2.4L L4, 2008–2015; CHEVROLET, CAPTIVA, MOTOR 3.0L V6, 2008–2015",82.989900699999993
"FA-10118","FA-10118 FILTRO AIRE. DODGE, CALIBER, MOTOR 1.8L, 2007–2009; DODGE, CALIBER, MOTOR 2.0L, 2007–2010; DODGE, CALIBER, MOTOR 2.4L, 2007–2010; JEEP, COMPASS, MOTOR 2.0L, 2007–2010; JEEP, COMPASS, MOTOR 2.4L, 2007–2010; JEEP, PATRIOT, MOTOR 2.0L, 2007–2010; JEEP, PATRIOT, MOTOR 2.4L, 2007–2010",62.523999999999994
"FA-10161","FA-10161 FILTRO AIRE. CHEVROLET SILVERADO 2500/3500 6.6L DIESEL 2006-2010, GMC SIERRA 2500/3500 6.6L DIESEL 2006-2010",613.87199999999996
"FA-10163","FA-10163 FILTRO AIRE. TOYOTA TACOMA 2.7L 2005-2023",62.523999999999994
"FA-10165","FA-10165 FILTRO AIRE. HONDA, CIVIC, MOTOR 1.8L L4, 2006–2011",62.523999999999994
"FA-10169","FA-10169 FILTRO AIRE. TOYOTA, COROLLA, MOTOR 1.8L L4, 2009–2015; TOYOTA, MATRIX, MOTOR 2.4L L4, 2009–2013; TOYOTA, RAV4, MOTOR 2.4L / 2.5L L4, 2006–2012; TOYOTA, CAMRY, MOTOR 2.4L L4, 2007–2011",61.378238599999996
"FA-10171","FA-10171 FILTRO AIRE. TOYOTA, CAMRY, MOTOR 2.4L L4, 2007–2011; TOYOTA, CAMRY, MOTOR 2.5L L4, 2010–2017; TOYOTA, VENZA, MOTOR 2.7L L4, 2009–2016",51.155999999999999
"FA-10190","FA-10190 FILTRO AIRE. TOYOTA YARIS 1.5L 2007-2016, TOYOTA COROLLA/MATRIX 2009-2019",45.471999999999994
"FA-10193","FA-10193 FILTRO AIRE. CHEVROLET OPTRA 2.0L 2004-2010, SUZUKI FORENZA 2.0L 2004-2008, SUZUKI RENO 2.0L 2005-2008",54.564999999999998
"FA-10228","FA-10228 FILTRO AIRE. DODGE NITRO 3.7L 2007-2012, DODGE NITRO 4.0L 2007-2011, JEEP LIBERTY 3.7L 2008-2013",79.575999999999993
"FA-10233","FA-10233 FILTRO AIRE. HONDA FIT 1.5L 2006-2008, HONDA FIT 1.8L 2006-2009",56.839999999999996
"FA-10234","FA-10234 FILTRO AIRE. CHEVROLET CITY EXPRESS 2.0L 2015-2018, INFINITI Q50 3.5L 2014-2021, INFINITI Q50 3.7L 2014-2018, NISSAN CUBE 1.8L 2009-2014, NISSAN NV200 2.0L 2013-2021, NISSAN TIIDA 1.6L 2013-2015, NISSAN TIIDA 1.8L 2007-2018, NISSAN VERSA 1.6L 2009-2011, NISSAN VERSA 1.8L 2007-2012",34.103999999999999
"FA-10236","FA-10236 FILTRO AIRE. VOLKSWAGEN TOUAREG 3.0L/3.2L/3.6L/4.2L/4.9L/5.0L 2004-2017, AUDI Q7 3.0L/3.6L 2007-2015, PORSCHE CAYENNE 3.2L/3.6L/4.8L 2004-2017, LAND ROVER RANGE ROVER SPORT 4.2L/4.4L 2005-2013",72.757999999999996
"FA-10236N","FA-10236N FILTRO AIRE 3.0/3.2/3.6/4.2/4.9/5.0L (AUDI Q7 3.0/3.6/4.2L 07-16, CAYENNE 3.0/3.2/3.6/4.5/4.8L 03-18) VW/AUDI/PORSCHE/ LAND ROVER TOUAREG 04-17",69.29066619999999
"FA-10241","FA-10241 FILTRO AIRE. NISSAN, CABSTAR, MOTOR 2.5L DIESEL, 2008–2016",119.364
"FA-10241N","FA-10241N FILTRO AIRE 2.5L DIESEL NS CABSTAR 08-18",113.67999999999999
"FA-10242","FA-10242 FILTRO AIRE. FORD EDGE 2.0L/3.5L/3.7L 2007-2015, FORD FUSION 3.5L 2010-2012, FORD EXPLORER 2.0L TURBO 2012-2015, MAZDA CX-9 3.7L 2007-2015 C/MALLA METALICA",68.207999999999998
"FA-10254","FA-10254 FILTRO AIRE. NISSAN FRONTIER 2.5L 2005-2019, SUZUKI EQUATOR 2.5L 2009-2012, NISSAN NP300 2.5L 2019",82.984999999999999
"FA-10256","FA-10256 FILTRO AIRE. AUDI A3 2.0L 2004–2008, AUDI TT 2.0L 2007–2009, SEAT LEON 2.0L 2006, VOLKWAGEN EOS 2.0L 2007–2009, GOLF R 2.0L 2012–2013, GTI/JETTA/PASSAT 2.0L 2006–2008, MITSUBISHI L200 2.4L 2014",65.932999999999993
"FA-10261","FA-10261 FILTRO AIRE. DODGE RAM 2500 6.7L DIESEL 2007-2010, DODGE RAM 3500 6.7L DIESEL 2007-2010, DODGE RAM 4500 6.7L DIESEL 2008-2010, DODGE RAM 5500 6.7L DIESEL 2008-2010, RAM 2500 6.7L DIESEL 2011-2021, RAM 3500 6.7L DIESEL 2011-2021, RAM 4500 6.7L DIESEL 2011-2021, RAM 5500 6.7L DIESEL 2011-2021 C/MALLA METALICA",170.51999999999998
"FA-10262","FA-10262 FILTRO AIRE. FORD F-150 2.7L/3.0L/3.3L/3.5L/3.7L/4.6L/5.0L/5.4L/6.2L 2009-2022, FORD F-250 SUPER DUTY 5.4L/6.2L/6.8L 2008-2016, FORD F-350 SUPER DUTY 5.4L/6.2L 2008-2016, FORD EXPEDITION 3.5L/5.4L 2007-2021",73.891999999999996
"FA-10270","FA-10270 FILTRO AIRE. FORD F-250/F-350/F-450/F-550 SUPER DUTY 6.4L V8 DIESEL 2008-2010",832.1389999999999
"FA-10281","FA-10281 FILTRO AIRE. FREIGHTLINER M2 DETROIT DD5 5.1L, DETROIT DD8 7.7L, MBE 924 4.8L, MBE 926 7.2L, CATERPILLAR 3126/C7/C11/C12/C13/C15, CUMMINS ISB/ISC/ISL, DETROIT DIESEL DD13/DD15 (LÍNEA PESADA)",975.37300000000005
"FA-10286","FA-10286 FILTRO AIRE. SUZUKI GRAND VITARA 2.7L V6 2006-2008",62.523999999999994
"FA-10290","FA-10290 FILTRO AIRE. FORD TRANSIT 2.2L DIESEL 2007-2011",65.932999999999993
"FA-10293","FA-10293 FILTRO AIRE. FORD ECOSPORT 2.0L 2008-2012.",56.839999999999996
"FA-10324","FA-10324 FILTRO AIRE. BMW Z4 2.5L/3.0L 2006-2009, BMW X3 2.5L/3.0L 2007-2010",96.627999999999986
"FA-10328","FA-10328 FILTRO AIRE. AUDI A3 QUATTRO 3.2L 2006-2009, AUDI TT QUATTRO 3.2L 2008-2009, AUDI TT RS QUATTRO 2.5L 2012-2014, AUDI TTS QUATTRO 2.0L 2009-2015, VOLKSWAGEN CC 3.6L 2009-2017, VOLKSWAGEN EOS 3.2L 2007-2008, VOLKSWAGEN PASSAT 3.6L 2006-2008, VOLKSWAGEN PASSAT CC 3.6L 2009-2012, VOLKSWAGEN R32 3.2L 2008",77.301000000000002
"FA-10330","FA-10330 FILTRO AIRE. DODGE SPRINTER 2500 3.0L 2007-2009, DODGE SPRINTER 2500 3.5L 2007-2008, DODGE SPRINTER 3500 3.0L 2007-2009, DODGE SPRINTER 3500 3.5L 2007-2008, FREIGHTLINER SPRINTER 2500 2.1L 2014-2021, FREIGHTLINER SPRINTER 2500 3.0L 2007-2021, FREIGHTLINER SPRINTER 3500 2.1L 2014-2021, FREIGHTLINER SPRINTER 3500 3.0L 2007-2021, MERCEDES-BENZ SPRINTER 2.1L 2012-2019, VW CRAFTER 2.0/2.5 TDI 2007-2017",79.575999999999993
"FA-10343","FA-10343 FILTRO AIRE. TOYOTA TUNDRA 4.0L V6 2011-2014, TOYOTA TUNDRA 4.6L V8 2010-2019, TOYOTA TUNDRA 4.7L V8 2007-2009, TOYOTA TUNDRA 5.7L V8 2007-2021, TOYOTA SEQUOIA 4.6L/4.7L/5.7L V8 2008-2013, LEXUS LX570 5.7L V8 2008-2021, TOYOTA LAND CRUISER 5.7L V8 2008-2021",85.259999999999991
"FA-10344","FA-10344 FILTRO AIRE. HONDA CR-V 2.4L 2007-2009",56.839999999999996
"FA-10346","FA-10346 FILTRO AIRE. NISSAN SENTRA 2.0L 2007-2012, RENAULT MEGANE 1.6L 2008-2010, RENAULT MEGANE 2.0L 2003-2010",56.839999999999996
"FA-10348","FA-10348 FILTRO AIRE. JEEP WRANGLER 3.8L 2007-2011, JEEP WRANGLER 3.6L 2012-2018, JEEP WRANGLER JK 3.6L 2018",62.523999999999994
"FA-10349","FA-10349 FILTRO AIRE. NISSAN ALTIMA 2.5 L 2007–2013.",65.932999999999993
"FA-10352","FA-10352 FILTRO AIRE. MG HS 1.5L TURBO 2021-2023, MG HS 2.0L TURBO 2021-2023, MG RX5 1.5L TURBO 2024",73.891999999999996
"FA-10355","FA-10355 FILTRO AIRE. MITSUBISHI L200 2.4L 2007-2024, MITSUBISHI L200 2.5L 2008-2019, MITSUBISHI MONTERO SPORT 3.0L 2012-2015 C/FELPA",65.922219999999996
"FA-10359","FA-10359 FILTRO AIRE. HONDA, CIVIC SI, MOTOR 2.0L L4, 2006–2011; HONDA, ELEMENT, MOTOR 2.4L L4, 2007–2011; ACURA, CSX, MOTOR 2.0L L4, 2007–2011",77.291688599999986
"FA-10394","FA-10394 FILTRO AIRE. HONDA HR-V 1.8L 2016-2021",56.839999999999996
"FA-10409","FA-10409 FILTRO AIRE. AUDI A8 QUATTRO 4.0L 2016, SEAT CORDOBA 1.6L 2009, SEAT CORDOBA 2.0L 2003-2009, SEAT IBIZA 1.8L 2005-2008, SEAT IBIZA 2.0L 2003-2015, VOLKSWAGEN POLO 1.6L 2003-2007, VOLKSWAGEN POLO 2.0L 2003-2007 C/ESPUMA",62.523999999999994
"FA-10414","FA-10414 FILTRO AIRE. FIAT DUCATO 2.3L 2008-2020, FIAT DUCATO 3.0L 2008-2012, PEUGEOT 2008 1.2L 2020, PEUGEOT MANAGER 2.2L 2011-2021, PEUGEOT MANAGER 3.0L 2009-2017, RAM PROMASTER 1500/2500/3500 3.0L 2014-2018 CILINDRICO",105.71168859999999
"FA-10418","FA-10418 FILTRO AIRE. MINI COOPER 1.6L TURBO 2007-2016, MINI CLUBMAN 1.6L 2011-2015, PEUGEOT 2008 1.6L 2014-2017, PEUGEOT 208 1.6L 2013-2018, PEUGEOT 308CC 1.6T 2014-2015, PEUGEOT 308SW 1.4/1.6L 2007-2009",65.932999999999993
"FA-10419","FA-10419 FILTRO AIRE BUICK REGAL 2.0L TURBO 2018-2020, CADILLAC XT4 2.0L TURBO 2019-2020, CHEVROLET MALIBU 2.0L TURBO 2016-2020 C/FELPA",88.668999999999997
"FA-10432","FA-10432 FILTRO AIRE. GAVW-212: VOLKSWAGEN DERBY 1.8L 1995-2009, VOLKSWAGEN DERBY 2.0L 2002-2004, VOLKSWAGEN VAN 1.8L 2003-2006",54.564999999999998
"FA-10465","FA-10465 FILTRO AIRE. CHEVROLET EQUINOX 2.4L 2010-2017, CHEVROLET EQUINOX 3.0L 2010-2012, CHEVROLET EQUINOX 3.6L 2013-2017, GMC TERRAIN 2.4L 2010-2017, GMC TERRAIN 3.0L 2010-2012, GMC TERRAIN 3.6L 2013-2017 C/FELPA",88.668999999999997
"FA-10466","FA-10466 FILTRO AIRE. CHEVROLET COLORADO 2.9L 2008-2012, CHEVROLET COLORADO 3.7L 2008-2012, CHEVROLET COLORADO 5.3L 2009-2012, GMC CANYON 2.9L 2008-2012, GMC CANYON 3.7L 2008-2012, GMC CANYON 5.3L 2009-2012, HUMMER H3 3.7L 2008-2010, HUMMER H3 5.3L 2008-2010, HUMMER H3T 3.7L 2009-2010, HUMMER H3T 5.3L 2009-2010, ISUZU I-290 2.9L 2008, ISUZU I-370 3.7L 2008",70.48299999999999
"FA-10467","FA-10467 FILTRO AIRE. HONDA ACCORD 2.4 L 2008–2012, HONDA CROSSTOUR 2.4 L 2012–2015.",62.523999999999994
"FA-10468","FA-10468 FILTRO AIRE. HONDA ACCORD 3.5 L V6 2008–2012, HONDA CROSSTOUR 3.5 L V6 2010–2015.",64.7941
"FA-10468N","FA-10468N FILTRO DE AIRE HONDA ACCORD V6 3.5L 08-12",61.709531800000001
"FA-10490","FA-10490 FILTRO AIRE. HONDA, CIVIC HYBRID, MOTOR 1.3L L4, 2006–2011; ACURA, CIVIC HYBRID, MOTOR 1.3L L4, 2010–2013",62.523999999999994
"FA-10497","FA-10497 FILTRO AIRE. MITSUBISHI OUTLANDER 2.0L/2.4L/3.0L 2007-2013, MITSUBISHI LANCER 2.0L/2.4L 2008-2015",77.301000000000002
"FA-10498","FA-10498 FILTRO AIRE. VOLVO S60 2.0L 2015-2019, VOLVO S60 HÍBRIDO 2.0L 2019-, VOLVO S80 2.0L 2015-2016, VOLVO V60 2.0L 2015-2019, VOLVO XC60 2.0L 2015-2019, VOLVO XC70 2.0L 2015-2019",96.627999999999986
"FA-10509","FA-10509 FILTRO AIRE. VOLKSWAGEN VENTO 1.6L 2014-2022, VOLKSWAGEN POLO 1.6L 2014-2021, VOLKSWAGEN GOL 1.6L 2020, SEAT IBIZA 1.6L 2008-2016, SEAT TOLEDO 1.6L 2014-2016",68.207999999999998
"FA-10516","FA-10516 FILTRO AIRE. DODGE JOURNEY 2.4L 2009-2020, DODGE JOURNEY 3.5L 2009-2010",56.839999999999996
"FA-10522","FA-10522 FILTRO AIRE. AUDI A4 1.8 L 2008–2016, AUDI A4 2.0 L 2009–2016, AUDI A4 ALLROAD 2.0 L 2013–2016, AUDI A4 QUATTRO 2.0 L 2009–2016, AUDI A5 1.8 L 2012–2016, AUDI A5 2.0 L 2010–2016, AUDI A5 QUATTRO 2.0 L 2010–2017, AUDI ALLROAD 2.0 L 2013–2016, AUDI Q5 2.0 L 2010–2017.",77.301000000000002
"FA-10578","FA-10578 FILTRO AIRE. ACURA RDX 2.3L TURBO 2007-2012",137.54999999999998
"FA-10616","FA-10616 FILTRO AIRE. FORD ESCAPE 3.0L 2009-2012, MAZDA TRIBUTE 3.0L 2009-2011, MERCURY MARINER 3.0L 2009-2011",88.668999999999997
"FA-10650","FA-10650 FILTRO AIRE. HONDA FIT 1.5L 2009-2014, HONDA CITY 1.5L 2010-2013",56.839999999999996
"FA-10651","FA-10651 FILTRO AIRE. RENAULT FLUENCE 2.0L 2011-2017, RENAULT MEGANE 1.5L 2009-, RENAULT SCENIC 1.4/1.9L 2009-",68.207999999999998
"FA-10654","FA-10654 FILTRO AIRE. NISSAN X-TRAIL 2.5L 2019-2021",71.61699999999999
"FA-10675","FA-10675 FILTRO AIRE. BMW X5 3.0L 2007-2010",101.17799999999998
"FA-10677","FA-10677 FILTRO AIRE. LEXUS ES300H 2.5L 2013-2017, LEXUS HS250H 2.4L 2010-2012, LEXUS LS460 4.6L 2007-2017, LEXUS LS600H 5.0L 2008-2016, TOYOTA AVALON 2.5L 2013-2018, TOYOTA CAMRY 2.5L 2012-2017, TOYOTA RAV4 2.5L 2013-2018",68.207999999999998
"FA-10690","FA-10690 FILTRO AIRE. CADILLAC, ATS, MOTOR 2.0L, 2013–2019; CADILLAC, ATS, MOTOR 2.5L, 2013–2017; CADILLAC, ATS, MOTOR 3.6L, 2013–2019; CADILLAC, CTS, MOTOR 2.0L, 2014–2019; CADILLAC, CTS, MOTOR 3.6L, 2015–2019; CHEVROLET, CAMARO, MOTOR 2.0L / 3.6L, 2015–2019",144.375
"FA-10694","FA-10694 FILTRO AIRE. MINI COOPER 1.6L TURBO 2007-2015, MINI COUNTRYMAN 1.6L 2011-2016, MINI PACEMAN 1.6L 2011-2015, MINI JCW 1.6L 2011-2013, PEUGEOT 308 1.6L 2009-2011, PEUGEOT 508 2012-2017, PEUGEOT RCZ 2014-2017",76.167000000000002
"FA-10738K","FA-10738K FILTRO AIRE. KENWORTH T800/T660/T470/T440/W900 SERIES 8.3L/8.8L/8.9L/10.8L/11.0L/11.9L/12.5L/12.9L/14.6L/14.9L/15.0L DIESEL 2000-2020, PETERBILT SERIES 2000-2016 KIT/2 PIEZAS",1568.7839999999999
"FA-10739","FA-10739 FILTRO AIRE. CHEVROLET TORNADO 1.8L 2012-2020 C/ESPUMA",56.839999999999996
"FA-10740","FA-10740 FILTRO AIRE. FREIGHTLINER M2 106/108SD/114SD/112SD 6.7L/7.7L/8.3L/8.9L/12.8L/11.9L 2012-2019, CATERPILLAR C7/C11/C12/C13/C15, CUMMINS ISB/ISC/ISL, DETROIT DIESEL DD13/DD15",1339.1489999999999
"FA-10741","FA-10741 FILTRO AIRE. LEXUS CT200H 1.8L 2011-2017, LEXUS NX300H 2.5L 2015-2021, TOYOTA PRIUS 1.8L 2010-2015, TOYOTA PRIUS PLUG-IN 1.8L 2012-2015, TOYOTA PRIUS V 1.8L 2012-2018, TOYOTA RAV4 2.5L 2016-2018",72.757999999999996
"FA-10755","FA-10755 FILTRO AIRE. TOYOTA SIENNA, MOTOR 2.7L L4, 2011–2012; TOYOTA, HIGHLANDER, MOTOR 2.7L L4, 2014–2019; TOYOTA, HIGHLANDER, MOTOR 3.5L V6, 2014–2019",56.839999999999996
"FA-10760","FA-10760 FILTRO AIRE. RENAULT FLUENCE 2.0L 2011-2017",69.341999999999999
"FA-10781N","FA-10781N FILTRO AIRE. FORD MUSTANG 3.7L V6 2011-2014, FORD MUSTANG 5.0L V8 2011-2014, FORD MUSTANG 4.6L V8 2010",96.627999999999986
"FA-10788","FA-10788 FILTRO AIRE. PEUGEOT 206 1.6 L 2005–2009, PEUGEOT 206 XS 1.6 L 2008–2009. C/GUIAS",62.523999999999994
"FA-10822","FA-10822 FILTRO AIRE CILÍNDRICO. VOLKSWAGEN VENTO 1.6L TDI 2014-2017, SEAT IBIZA 1.2L/1.4L TSI 2009-2014, SEAT IBIZA V 1.2L 2013-2014, VOLKSWAGEN POLO 1.2L TSI 2011-2012, AUDI A1 1.4L/1.8L 2017-2018",77.301000000000002
"FA-10827","FA-10827 FILTRO AIRE. RENAULT CLIO II 1.5L 1998-1999, RENAULT SANDERO 1.5L 2008-2010, RENAULT STEPWAY 1.5L 2008-2010, RENAULT DUSTER 1.5L 2010-2011",69.341999999999999
"FA-10836","FA-10836 FILTRO AIRE. CHEVROLET EXPRESS 2500/3500 4.3L 2018-2020, GMC SAVANA 2500/3500 4.3L 2018-2020 C/FELPA",94.352999999999994
"FA-10839","FA-10839 FILTRO AIRE. SUZUKI GRAND VITARA 2.4L 2009-2016, SUZUKI GRAND VITARA 3.2L V6 2009-2010",62.523999999999994
"FA-10853","FA-10853 FILTRO AIRE. MG HS 1.5L TURBO 2021, MG ONE 1.5L TURBO 2024-2025",73.891999999999996
"FA-10872","FA-10872 FILTRO AIRE. HONDA ACCORD 2.0 L TURBO 2018–2021.",77.301000000000002
"FA-10872N","FA-10872N FILTRO DE AIRE HONDA ACCORD 2.0L TURBO 18-",73.618388199999998
"FA-10885","FA-10885 FILTRO AIRE. HONDA CR-V 2.4L 2010-2011",68.207999999999998
"FA-10888","FA-10888 FILTRO AIRE. FORD F-250/F-350/F-450/F-550 SUPER DUTY 6.7L V8 DIESEL 2011-2016, FORD F-650/F-750 6.7L V8 DIESEL/6.8L V10/7.3L V8 2016-2022",145.50899999999999
"FA-10888N","FA-10888N FILTRO DE AIRE FORD F250 F350 F450 F550 F650 F750 V8 6.7L DIESEL TURBO 11-16",138.03447839999998
"FA-10910","FA-10910 FILTRO AIRE. MITSUBISHI ASX 2.0L 2013-2015, MITSUBISHI GRANDIS 2.4L 2007-2009, MITSUBISHI LANCER 2.0L/2.4L 2014-2017, MITSUBISHI OUTLANDER 2.4L 2014-2022, MITSUBISHI OUTLANDER 3.0L 2014-2020, MITSUBISHI OUTLANDER SPORT 2.0L/2.4L 2013-2021, MITSUBISHI RVR 2.0L/2.4L 2013-2021",62.523999999999994
"FA-10963","FA-10963 FILTRO AIRE. PEUGEOT 1007 1.6L 2005-2008, PEUGEOT 206/206SW 1.6L 2004-2007, PEUGEOT 207 1.6L 2006-2007, PEUGEOT 307 1.6L 2007-2009, PEUGEOT 308/308SW 1.6L 2007-2009, PEUGEOT 308CC 1.6L 2009-2013, PEUGEOT PARTNER 1.6L TDI 2009-2016, PEUGEOT 3008 1.6L 2015-2017",53.430999999999997
"FA-10987","FA-10987 FILTRO AIRE. BMW X5 4.4L V8 2015-2020, BMW X6 4.4L V8 2016-2020",426.29999999999995
"FA-10989","FA-10989 FILTRO AIRE. CHEVROLET CRUZE 1.4L TURBO 2010-2016, CHEVROLET CRUZE 2.0L DIESEL 2014, CADILLAC SRX 2011-2016",82.984999999999999
"FA-10990","FA-10990 FILTRO AIRE. CHEVROLET CRUZE 1.8L 2010-2016, CHEVROLET CRUZE LIMITED 1.8L 2016, BUICK VERANO 2.0L 2013-2016 C/FELPA",56.839999999999996
"FA-10997","FA-10997 FILTRO AIRE. FORD FIGO 1.5L 2016-2018, FORD FIGO 1.0L 2017, FORD FIESTA 1.6L 2010-2019",56.839999999999996
"FA-11001","FA-11001 FILTRO AIRE. SUZUKI SX4 2.0L 2010-2014, SUBARU XV CROSSTREK 2.0L 2014-2015",67.073999999999998
"FA-11003","FA-11003 FILTRO AIRE.CHANGAN CS35 PLUS 1.4L TURBO 2023-2024",88.668999999999997
"FA-11004","FA-11004 FILTRO AIRE. CHANGAN CS55 PLUS 1.5L TURBO 2023-2024",79.575999999999993
"FA-11033","FA-11033 FILTRO AIRE. CHEVROLET SILVERADO 2500HD/3500HD 6.6L DIESEL 2011-2016, GMC SIERRA 2500HD/3500HD 6.6L DIESEL 2011-2016",111.405
"FA-11042","FA-11042 FILTRO AIRE. HONDA ODYSSEY 3.5L 2011-2017",88.668999999999997
"FA-11048","FA-11048 FILTRO AIRE. DODGE, CALIBER, MOTOR 2.0L / 2.4L, 2009–2012; JEEP, COMPASS, MOTOR 2.0L / 2.4L, 2011–2017; JEEP, PATRIOT, MOTOR 2.0L / 2.4L, 2011–2017",96.627999999999986
"FA-11050","FA-11050 FILTRO AIRE. CHRYSLER TOWN & COUNTRY 3.6L V6 2011-2016, DODGE GRAND CARAVAN 3.6L V6 2011-2020, RAM C/V 3.6L V6 2012-2015, VOLKSWAGEN ROUTAN 3.6L V6 2011-2014",112.54599999999999
"FA-11053","FA-11053 FILTRO AIRE. HYUNDAI CRETA 1.6L 2017-2020, HYUNDAI IX35 2.0L 2015, HYUNDAI TUCSON 2.0L 2011-2015, HYUNDAI TUCSON 2.4L 2010-2015, KIA RONDO 2.0L 2014-2017, KIA SPORTAGE 2.4L 2011-2016, HYUNDAI ELANTRA 1.8L/2.0L 2012-2016, KIA FORTE 1.8L/2.0L 2013-2018",68.207999999999998
"FA-11072","FA-11072 FILTRO AIRE. PEUGEOT 208 1.6L 2016-2018, PEUGEOT 301 1.6L 2016-2021, PEUGEOT PARTNER 1.6L 2009-2021",56.839999999999996
"FA-11077","FA-11077 FILTRO AIRE. CHEVROLET COLORADO 3.6L V6 2013-2014, CHEVROLET S10 2.5L 2016-2017 CILINDRICO",100.03699999999999
"FA-11090","FA-11090 FILTRO AIRE. JAC SUNRAY 2.8L TURBO DIESEL 2016-2022, TOYOTA COROLLA/CALDINA 1.3L/1.5L 1991-2002 C/MALLA METALICA",125.04799999999999
"FA-11099","FA-11099 FILTRO AIRE. FORD BRONCO 2.3L/2.7L 2021–2024, FORD RANGER 2.3L TURBO 2024–2025",142.1
"FA-11104","FA-11104 FILTRO AIRE. FIAT MOBI 1.0L 2017-2023, FIAT UNO 1.4L 2013-2020, RAM PROMASTER RAPID 1.4L 2017-2020",73.891999999999996
"FA-11109","FA-11109 FILTRO AIRE. FIAT 500 1.4L 2012-2019",59.114999999999995
"FA-11112","FA-11112 FILTRO AIRE. DODGE RAM 700 1.6L 2015-2020, FIAT PALIO 1.4L 2013-2020, FIAT PALIO 1.6L 2013-2020",73.891999999999996
"FA-11113","FA-11113 FILTRO AIRE. HONDA, CIVIC, MOTOR 1.8L L4, 2012–2015; ACURA, ILX, MOTOR 2.0L L4, 2013–2015",73.891999999999996
"FA-11114","FA-11114 FILTRO AIRE. CILINDRICO FORD ESCAPE 1.5L 2017-2019, FORD ESCAPE 1.6L 2013-2016, FORD ESCAPE 2.0L 2013-2019, FORD FOCUS 1.0L 2015-2018, FORD FOCUS 2.0L 2012-2018, FORD FOCUS 2.3L 2016-2018, FORD FOCUS 2.5L 2008-2010, FORD TRANSIT CONNECT 1.6L 2014-2016, LINCOLN MKC 2.0L 2015-2019, LINCOLN MKC 2.3L 2015-2019",78.441999999999993
"FA-11118","FA-11118 FILTRO AIRE. BMW 530I 2.0L 2017-2018, BMW 535I 3.0L 2011-2016, BMW 535I GT 3.0L 2010-2017, BMW 640I 3.0L 2012-2019, BMW 740I/740LI 3.0L 2011-2015, BMW ACTIVEHYBRID 5/7 3.0L 2012-2016, BMW X3 3.0L 2011-2017, BMW X4 3.0L 2015-2018, BMW X5 3.0L 2011-2018, BMW X6 3.0L 2008-2019",82.984999999999999
"FA-11121","FA-11121 FILTRO AIRE. HONDA, CIVIC, MOTOR 2.4L L4, 2012–2016",73.891999999999996
"FA-11154","FA-11154 FILTRO AIRE. FIAT 500X 1.3 L 2019–2023, JEEP RENEGADE 1.3 L 2019–2024, JEEP RENEGADE 1.8 L 2022, ALFA ROMEO TONALE HYBRID 1.3 L 2024.",62.523999999999994
"FA-11170","FA-11170 FILTRO AIRE. BUICK ALLURE 5.3L 2008-2009, BUICK LACROSSE 5.3L 2008-2009, CHEVROLET IMPALA 3.5L/3.9L/5.3L 2006-2011, CHEVROLET MONTE CARLO 3.5L/3.9L/5.3L 2006-2007, CHRYSLER 200 3.6L 2011-2014, DODGE AVENGER 3.6L 2011-2014, DODGE JOURNEY 3.6L 2011-2019, PONTIAC GRAND PRIX 5.3L 2005-2008",70.48299999999999
"FA-11206","FA-11206 FILTRO AIRE. HYUNDAI, ACCENT, MOTOR 1.6L L4, 2012–2017; HYUNDAI, VELOSTER, MOTOR 1.6L L4, 2012–2017; KIA, RIO, MOTOR 1.6L L4, 2012–2017; KIA, SOUL, MOTOR 1.6L L4, 2012–2019; KIA, SOUL, MOTOR 2.0L L4, 2012–2019; DODGE, ATTITUDE, MOTOR 1.6L L4, 2012–2014",51.155999999999999
"FA-11215","FA-11215 FILTRO AIRE. NISSAN MARCH 1.6L 2012-2020, NISSAN MICRA 1.6L 2015-2019, NISSAN NOTE 1.6L 2014-2019, NISSAN TIIDA 1.6L 2016-2018, NISSAN V-DRIVE 1.6L 2020, NISSAN VERSA 1.6L 2012-2019, NISSAN VERSA NOTE 1.6L 2014-2019",34.103999999999999
"FA-11222","FA-11222 FILTRO AIRE. CHEVROLET SONIC 1.4L 2012-2020, CHEVROLET SONIC 1.6L 2012-2017, CHEVROLET SONIC 1.8L 2012-2018",51.155999999999999
"FA-11250","FA-11250 FILTRO AIRE. FIAT 500 1.4L TURBO 2012-2019 C/ESPUMA",82.984999999999999
"FA-11251","FA-11251 FILTRO AIRE. CHEVROLET IMPALA 2.5L 2014-2019, CHEVROLET MALIBU 2.5L 2013-2015, CHEVROLET MALIBU LIMITED 2.5L 2016, BUICK REGAL 2.0L TURBO 2014-2017",77.301000000000002
"FA-11256","FA-11256 FILTRO AIRE. HONDA, CIVIC, MOTOR 1.5L L4, 2012–2015; ACURA, ILX, MOTOR 1.5L L4, 2013–2015",100.03699999999999
"FA-11257","FA-11257 FILTRO AIRE. CHRYSLER, 300, MOTOR 3.6L V6, 2011–2021; CHRYSLER, 300, MOTOR 5.7L V8, 2011–2021; CHRYSLER, 300, MOTOR 6.4L V8, 2012–2014; DODGE, CHALLENGER, MOTOR 3.6L V6, 2011–2021; DODGE, CHALLENGER, MOTOR 5.7L V8, 2011–2021; DODGE, CHALLENGER, MOTOR 6.2L V8, 2015–2021; DODGE, CHALLENGER, MOTOR 6.4L V8, 2011–2021; DODGE, CHARGER, MOTOR 3.6L V6, 2011–2021; DODGE, CHARGER, MOTOR 5.7L V8, 2011–2021; DODGE, CHARGER, MOTOR 6.2L V8, 2015–2021; DODGE, CHARGER, MOTOR 6.4L V8, 2012–2021",86.393999999999991
"FA-11258","FA-11258 FILTRO AIRE. HONDA CR-V 2.4L 2012-2014",73.891999999999996
"FA-11259","FA-11259 FILTRO AIRE. MAZDA 3 2.0L/2.5L 2012-2018, MAZDA 6 2.5L 2014-2021, MAZDA CX-5 2.0L/2.5L 2013-2021",62.523999999999994
"FA-11302","FA-11302 FILTRO AIRE. HYUNDAI CRETA 1.4L 2021, KIA SELTOS 1.4L/1.6L/2.0L 2021-2022",65.932999999999993
"FA-11305","FA-11305 FILTRO AIRE. BMW 118I 1.5 L 3 CIL 2018, BMW 118I 1.6 L 4 CIL 2012–2015, BMW 120I 1.6 L 2016, BMW 125I 2.0 L 2011, BMW 228I 2.0 L 2014–2016, BMW 228I XDRIVE 2.0 L 2015–2016, BMW 318I 1.5 L 3 CIL 2018, BMW 320I 2.0 L 2012–2018, BMW 320I XDRIVE 2.0 L 2013–2018, BMW 328D 2.0 L 2014–2018, BMW 328D XDRIVE 2.0 L 2014–2018, BMW 328I 2.0 L 2012–2016, BMW 328I GT XDRIVE 2.0 L 2014–2016, BMW 328I XDRIVE 2.0 L 2013–2016, BMW 420I 2.0 L 2016, BMW 420I GRAN COUPE 2.0 L 2016, BMW 428I 2.0 L 2014–2016, BMW 428I GRAN COUPE 2.0 L 2014–2016.",73.891999999999996
"FA-11399","FA-11399 FILTRO AIRE. HONDA ACCORD 2.0L GASOLINA 2014-2017, HONDA ACCORD HÍBRIDO 2.0L 2018-2023",73.891999999999996
"FA-11411","FA-11411 FILTRO AIRE. MERCEDES-BENZ A180/A200/A250/A45 AMG 2015-2020, MERCEDES-BENZ CLA250 2015-2020",75.025999999999996
"FA-11413","FA-11413 FILTRO AIRE. ACURA RDX 3.5L V6 2013-2018",78.430238599999996
"FA-11421","FA-11421 FILTRO AIRE KIA SPORTAGE 2.0L 2011-2016",90.943999999999988
"FA-11424","FA-11424 FILTRO AIRE. AUDI A6 2.0 L TURBO 2011–2018, AUDI A6 QUATTRO 2.0 L TURBO 2013–2018, AUDI A6 1.8 L 2017–2018, AUDI A7 2.0 L 2017, AUDI A7 QUATTRO 2.0 L TURBO 2017–2018, AUDI A4 2.0 L 2017.",107.996
"FA-11426","FA-11426 FILTRO AIRE. TOYOTA PRIUS C 1.5L 2012-2021, TOYOTA COROLLA 1995-2000",65.932999999999993
"FA-11431","FA-11431 FILTRO AIRE. DODGE DART 1.4L 2013-2016, DODGE DART 2.0L 2013-2016, DODGE DART 2.4L 2013-2016",62.523999999999994
"FA-11439","FA-11439 FILTRO AIRE. MERCEDES-BENZ, C350, MOTOR 3.5L V6, 2012–2016; MERCEDES-BENZ, CLS350, MOTOR 3.5L V6, 2012–2014; MERCEDES-BENZ, E300, MOTOR 3.0L V6, 2012–2015; MERCEDES-BENZ, E400, MOTOR 3.5L V6, 2013–2015; MERCEDES-BENZ, GLE350, MOTOR 3.5L V6, 2016–2018; MERCEDES-BENZ, GLK350, MOTOR 3.5L V6, 2013–2015; MERCEDES-BENZ, ML350, MOTOR 3.5L V6, 2012–2015; MERCEDES-BENZ, R350, MOTOR 3.5L V6, 2012; MERCEDES-BENZ, SLK350, MOTOR 3.5L V6, 2012–2016; MERCEDES-BENZ, E550, MOTOR 4.7L V8, 2014; MERCEDES-BENZ, GL450, MOTOR 4.7L V8, 2015; MERCEDES-BENZ, C300, MOTOR 3.0L V6, 2013–2014",231.91
"FA-11450","FA-11450 FILTRO AIRE. NISSAN ALTIMA 2.5 L 4 CILINDROS 2013–2018.",73.891999999999996
"FA-11456","FA-11456 FILTRO AIRE. FORD ESCAPE 2.5L 2013-2019, FORD TRANSIT CONNECT 2.5L 2014-2021 C/MALLA METALICA",62.523999999999994
"FA-11458","FA-11458 FILTRO AIRE. VOLKSWAGEN UP! 1.0L 2014-2023, VOLKSWAGEN CROSS UP! 1.0L 2016-2022, VOLKSWAGEN VIRTUS 1.0L 2018-2023",62.523999999999994
"FA-11469","FA-11469 FILTRO AIRE. CHEVROLET SPARK 1.2L 2013-2015",82.984999999999999
"FA-11474","FA-11474 FILTRO AIRE. SUZUKI SWIFT 1.4L/1.6L 2012-2017, SUZUKI CIAZ 1.4L 2016-2020",45.471999999999994
"FA-11476","FA-11476 FILTRO AIRE. HONDA ACCORD 3.5 L V6 2008–2012, HONDA CROSSTOUR 3.5 L V6 2010–2015, ACURA TL 3.5 L V6 2009–2014, ACURA TL 3.7 L V6 2009–2014, ACURA TSX 3.5 L V6 2010–2014.",98.902999999999992
"FA-11477","FA-11477 FILTRO AIRE. HONDA ACCORD 3.5 L V6 2013–2017.",98.902999999999992
"FA-11480","FA-11480 FILTRO AIRE. FORD EDGE 2.0L 2015-2021, FORD EDGE 2.7L 2015-2021, FORD EDGE 3.5L 2015-2018, FORD FUSION 1.5L 2014-2020, FORD FUSION 1.6L 2013-2014, FORD FUSION 2.0L 2013-2020, FORD FUSION 2.5L 2013-2020, FORD FUSION 2.7L 2017-2019, FORD GT 3.5L 2017-2021, LINCOLN CONTINENTAL 2.7L 2017-2020, LINCOLN CONTINENTAL 3.0L 2017-2020, LINCOLN CONTINENTAL 3.7L 2017-2020, LINCOLN MKX 2.7L 2016-2018, LINCOLN MKX 3.7L 2016-2018, LINCOLN MKZ 2.0L 2013-2020, LINCOLN MKZ 3.0L 2017-2020 C/FELPA",65.932999999999993
"FA-11482","FA-11482 FILTRO AIRE. FORD C-MAX 2.0L TURBO 2013-2018, FORD FUSION 2.0L TURBO 2013-, LINCOLN MKZ 2.0L TURBO 2013-",89.81
"FA-11488","FA-11488 FILTRO AIRE. FORD TRANSIT 2.2L DIESEL 2012-2020, FORD TRANSIT CUSTOM 2.2L DIESEL 2014-2021",93.21899999999998
"FA-11494","FA-11494 FILTRO AIRE. CADILLAC, ATS, MOTOR 2.0L, 2013–2019; CADILLAC, ATS, MOTOR 2.5L, 2013–2017; CADILLAC, ATS, MOTOR 3.6L, 2013–2019; CADILLAC, CTS, MOTOR 2.0L, 2014–2019; CADILLAC, CTS, MOTOR 3.6L, 2015–2019; CHEVROLET, CAMARO, MOTOR 2.0L / 3.6L, 2015–2019",130.732
"FA-11494N","FA-11494N FILTRO AIRE 2.0/3.6L (CADILLAC ATS 2.0L 13-19, 2.5L 13-17, 3.6L 13-19, CTS 2.0L 14-19, 3.6L 15-19) GM CAMARO 16-",124.5066662
"FA-11500","FA-11500 FILTRO AIRE. HYUNDAI SANTA FE SPORT 2.0L/2.4L 2013-2016, HYUNDAI SANTA FE 3.3L 2013-2018, HYUNDAI SANTA FE XL 3.3L 2013-2019, KIA SORENTO 2.4L/3.3L 2014-2015",77.301000000000002
"FA-11501","FA-11501 FILTRO AIRE. BUICK ENCORE 1.4L 2013-2022, CHEVROLET TRAX 1.4L 2013-2022, CHEVROLET TRAX 1.8L 2013-2020",56.839999999999996
"FA-11503","FA-11503 FILTRO AIRE. AUDI A3 1.4L 2013-2020, AUDI A3 SPORTBACK E-TRON 1.4L 2016-2018, AUDI Q2 1.4L 2018-2020, AUDI Q3 1.4L 2016-2021, SEAT ATECA 1.4L 2018-2021, SEAT IBIZA 1.2L 2016-2017, SEAT LEON 1.4L 2016-2020, SEAT TOLEDO 1.2L/1.4L 2016-2019, VOLKSWAGEN JETTA 1.4L 2013-2018, VOLKSWAGEN TIGUAN 1.4L 2018-2021",51.155999999999999
"FA-11654","FA-11654 FILTRO AIRE. RENAULT CAPTUR 2.0L 2018-2020, RENAULT DUSTER 2.0L 2018-2020, RENAULT KANGOO 1.6L 2019-2020, RENAULT OROCH 2.0L 2018-2020, RENAULT SANDERO 2.0L 2020, RENAULT STEPWAY 1.6L 2019-2020",68.207999999999998
"FA-11674","FA-11674 FILTRO AIRE. FORD RANGER 2.2L DIESEL 2015-2022, FORD RANGER 2.5L GASOLINA 2013-2022, FORD RANGER 3.2L DIESEL 2017-2022",130.732
"FA-11721","FA-11721 FILTRO AIRE. HYUNDAI HB20 SEDÁN 1.6L 2023, HYUNDAI HB20 HATCHBACK 1.6L 2023, HYUNDAI ELANTRA 1.6L 2021",62.523999999999994
"FA-11744","FA-11744 FILTRO AIRE. FIAT 500 1.4 L 2014–2020, FIAT 500L 1.4 L 2014–2020. C/FELPA",68.207999999999998
"FA-11759","FA-11759 FILTRO AIRE. MERCEDES-BENZ C300 2.0L 2015-2018, MERCEDES-BENZ C350E 2016-2018, MERCEDES-BENZ E300 2017-2019, MERCEDES-BENZ GLC300/GLC350E 2016-2020, MERCEDES-BENZ SLC300 2017-2019, MERCEDES-BENZ SLK300 2016",96.627999999999986
"FA-11761","FA-11761 FILTRO AIRE. INFINITI Q50 2.0T 2014–2018, INFINITI Q60 2.0T 2016–2018, MERCEDES-BENZ E200/E250 2.0L 2013–, MERCEDES-BENZ GLC250 2.0T 2017–2018, MERCEDES-BENZ GLK200/GLK250 2.0T 2013–2015, MERCEDES-BENZ C180 1.6L 2008–2014",127.32299999999998
"FA-11780","FA-11780 FILTRO AIRE. CHIREY TIGGO 2 PRO 1.5L TURBO 2023-2025, CHIREY OMODA C5 1.0L TURBO 2023-",68.207999999999998
"FA-11858","FA-11858 FILTRO AIRE. NISSAN X-TRAIL 2.5L 2014-2017, NISSAN ROGUE 2.5L 2014-2016",68.207999999999998
"FA-11859","FA-11859 FILTRO AIRE. MAZDA 2 1.5L 2017-2021, SCION IA 1.5L 2016, TOYOTA YARIS 1.5L 2019-2021, TOYOTA YARIS IA 1.5L 2017-2018, TOYOTA YARIS R 1.5L 2019-2020",62.523999999999994
"FA-11864","FA-11864 FILTRO AIRE. FORD ECOSPORT 2.0L 2013-2017, FORD ECOSPORT 2.0L 2017-2021",70.48299999999999
"FA-11876","FA-11876 FILTRO AIRE. AUDI A1 2.0L 2021, AUDI A3 1.8L 2013-2018, AUDI A3 2.0L 2017-2020, AUDI A3 QUATTRO 2.0L 2015-2020, AUDI Q2 QUATTRO 2.0L 2018-2020, AUDI Q3 2.0L 2019-2021, AUDI S3 2.0L 2014-2020, AUDI TT 1.8L 2016-2018, AUDI TT 2.0L 2016, AUDI TT QUATTRO 2.0L 2016-2021, AUDI TTS QUATTRO 2.0L 2016-2021, SEAT LEON 2.0L 2017-2019, VOLKSWAGEN ARTEON 2.0L 2019-2022, VOLKSWAGEN GOLF 1.8L 2015-2018, VOLKSWAGEN GOLF 2.0L 2019-2021, VOLKSWAGEN GOLF ALLTRACK 1.8L 2017-2019, VOLKSWAGEN GOLF R 2.0L 2015-2019, VOLKSWAGEN TIGUAN 2.0L 2019-2021",62.523999999999994
"FA-11877","FA-11877 FILTRO AIRE. FIAT, PALIO, MOTOR 1.8L L4, 2010; JEEP, CHEROKEE, MOTOR 2.4L L4, 2014–2018; JEEP, CHEROKEE, MOTOR 3.2L V6, 2014–2018",98.902999999999992
"FA-11888","FA-11888 FILTRO AIRE. BMW 118I 1.5L 2021, BMW 120I 2.0L 2021, BMW 220I 2.0L 2014-2021, BMW 228I XDRIVE GRAN COUPE 2.0L 2020-2021, BMW X1 1.5L 2021, BMW X1 2.0L 2016-2021, BMW X2 1.5L 2019-2021, BMW X2 2.0L 2018-2021, MINI COOPER 1.5L 2015-2022, MINI COOPER 2.0L 2015-2022, MINI CLUBMAN 1.5L 2016-2021, MINI CLUBMAN 2.0L 2016-2021, MINI COUNTRYMAN 1.5L 2017-2021, MINI COUNTRYMAN 2.0L 2017-2021 C/FELPA",90.943999999999988
"FA-11895","FA-11895 FILTRO AIRE. TOYOTA TACOMA 3.5L 2016-2020, TOYOTA SEQUOIA 5.7L 2014-, TOYOTA TUNDRA 4.0L/4.6L/5.7L 2013- C/FELPA+MALLA",109.13
"FA-11897","FA-11897 FILTRO AIRE.PEUGEOT EXPERT 2.0L HDI TURBO DIESEL 2018-2021 C/FELPA",73.891999999999996
"FA-11910","FA-11910 FILTRO AIRE. FORD ESCAPE 2.5L 2013-2016, FORD TRANSIT 2.5L 2013-2016",56.839999999999996
"FA-11917","FA-11917 FILTRO AIRE. MITSUBISHI MIRAGE 1.2L 2014-2019, TOYOTA AVANZA 1.5L 2014-2019",77.301000000000002
"FA-11932","FA-11932 FILTRO AIRE. HYUNDAI I30 2.0L 2007-2012, KIA CERATO 2.0L 2007-2010, KIA FORTE 2.0L 2011-2013",247.82099999999997
"FA-11941","FA-11941 FILTRO AIRE. KIA OPTIMA 1.6L/2.0L 2016-2020, HYUNDAI SONATA 2.0L/2.4L 2015-2019",77.301000000000002
"FA-11942","FA-11942 FILTRO AIRE. HYUNDAI SONATA 2.0L 2016-2019, HYUNDAI SONATA 2.4L 2015-2019, KIA OPTIMA 2.0L 2017-2020, KIA OPTIMA 2.4L 2016-2020",85.259999999999991
"FA-11943","FA-11943 FILTRO AIRE. HYUNDAI PALISADE 3.8L V6 2020-2022, HYUNDAI SANTA FE 2.0L/2.4L 2017-2020, HYUNDAI SANTA FE SPORT 2.0L/2.4L 2017-2018, KIA SEDONA 3.3L V6 2015-2021, KIA SORENTO 2.0L/2.4L/3.3L 2016-2020, KIA TELLURIDE 3.8L V6 2020-2022",81.850999999999999
"FA-11945","FA-11945 FILTRO AIRE. HONDA CR-V 2.4L 2015-2016",73.891999999999996
"FA-11946","FA-11946 FILTRO AIRE. FORD TRANSIT 2.0L 2021, FORD TRANSIT 3.5L 2015-2021, FORD TRANSIT 3.7L 2015-2019, FORD TRANSIT 3.2L DIESEL 2015-2019",144.375
"FA-11949","FA-11949 FILTRO AIRE. HONDA FIT 1.5L 2015-2020",62.523999999999994
"FA-11950","FA-11950 FILTRO AIRE. RAM PROMASTER 1500 3.6L V6 2014-2021, RAM PROMASTER 2500 3.6L V6 2014-2021, RAM PROMASTER 3500 3.6L V6 2014-2021",145.50899999999999
"FA-11959","FA-11959 FILTRO AIRE. CHEVROLET COLORADO 2.5L 2015-2021, CHEVROLET COLORADO 3.6L 2015-2021, GMC CANYON 2.5L 2015-2021, GMC CANYON 3.6L 2015-2021, PETERBILT 579 10.8L 2016-2022, PETERBILT 579 11.9L 2014-2022, PETERBILT 579 12.9L 2013-2022, PETERBILT 579 14.9L 2013-2022, PETERBILT 579 8.9L 2016-2022",90.943999999999988
"FA-12017","FA-12017 FILTRO AIRE. SEAT TOLEDO 1.0L TURBO 2018-, SEAT IBIZA 1.0L TURBO 2019-, VOLKSWAGEN VIRTUS 1.0L 2024, VOLKSWAGEN POLO 1.0L/1.6L 2022-2024, VOLKSWAGEN NIVUS 1.0L 2023, VOLKSWAGEN TAIGUN 1.0L 2023, VOLKSWAGEN T-CROSS 1.6L 2022",79.575999999999993
"FA-12021","FA-12021 FILTRO AIRE. PEUGEOT 208 1.2 L PURETECH 3 CILINDROS 2019–2025, PEUGEOT 2008 1.2 L PURETECH 3 CILINDROS 2019–2025, PEUGEOT PARTNER 1.2 L PURETECH 3 CILINDROS 2022–2025.",95.493999999999986
"FA-12050","FA-12050 FILTRO AIRE. HONDA, CIVIC, MOTOR 1.5L TURBO L4, 2016–2021; HONDA, CR-V, MOTOR 1.5L TURBO L4, 2017–2022",62.523999999999994
"FA-12051","FA-12051 FILTRO AIRE. HONDA, CIVIC, MOTOR 2.0L L4, 2016–2021; HONDA, HR-V, MOTOR 2.0L L4, 2023; RENAULT, TRAFIC, MOTOR 1.9L L4, 2014",62.523999999999994
"FA-12057","FA-12057 FILTRO AIRE. HYUNDAI ELANTRA 1.4L/1.6L/2.0L 2017-2019, HYUNDAI KONA 1.6L/2.0L 2017-2019, HYUNDAI VELOSTER 1.6L/2.0L 2017-2019, KIA FORTE 1.6L/2.0L TURBO 2019-2022, KIA SOUL 1.6L/2.0L 2019-2020",62.523999999999994
"FA-12061","FA-12061 FILTRO AIRE. HONDA PILOT 3.5L 2016-2021, HONDA RIDGELINE 3.5L 2017-2022, HONDA PASSPORT 3.5L 2019-2022, HONDA ODYSSEY 3.5L 2018-2022, ACURA MDX 3.0L/3.5L 2016-2020, ACURA TLX 2.0L 2021-2022",73.891999999999996
"FA-12065","FA-12065 FILTRO AIRE. HYUNDAI TUCSON 1.6L/2.0L 2016-2019, KIA SPORTAGE 2.0L/2.4L 2017-2020",73.891999999999996
"FA-12066","FA-12066 FILTRO AIRE. 2.JEEP COMPASS 2.4L 2018-2021, JEEP RENEGADE 2.4L 2018-2021",73.891999999999996
"FA-12072","FA-12072 FILTRO AIRE. BMW X7 3.0L 2025 C/FELPA",102.312
"FA-12075","FA-12075 FILTRO AIRE. MAZDA MX-5 2.0L 2016-2019",73.891999999999996
"FA-12080","FA-12080 FILTRO AIRE. GAC EMKOO 1.5L TURBO 2024, GAC EMKOO 2.0L HÍBRIDO 2024, FORD TERRITORY 1.5L TURBO/2.0L HÍBRIDO 2023",102.312
"FA-12085","FA-12085 FILTRO AIRE. CHEVROLET MALIBU 1.5L 2016-2021, CHEVROLET MALIBU 1.8L 2016-2019, BUICK LACROSSE 2.5L 2018-2019",133.00699999999998
"FA-12087","FA-12087 FILTRO AIRE. CHEVROLET VOLT 1.5L HÍBRIDO 2016-2019 C/MALLA METALICA",125.04799999999999
"FA-12088","FA-12088 FILTRO AIRE. MAZDA CX-3 2.0L 2016-2021",77.296344999999988
"FA-12089","FA-12089 FILTRO AIRE. ACURA ILX 2.0L 2016-2022",85.259999999999991
"FA-12091","FA-12091 FILTRO AIRE. CHRYSLER GRAND CARAVAN 3.6L 2021, CHRYSLER PACIFICA 3.6L 2017-2022, CHRYSLER VOYAGER 3.6L 2020-2022",96.627999999999986
"FA-12097","FA-12097 FILTRO AIRE. RENAULT KWID 1.0L 2019-2025",73.891999999999996
"FA-12104","FA-12104 FILTRO AIRE. SEAT IBIZA 1.6L 2016-2023, SEAT ARONA 1.6L 2018-2023, VOLKSWAGEN CADDY 1.6L 2018-2022, VOLKSWAGEN T-CROSS 1.6L 2020-2021, VOLKSWAGEN VIRTUS 1.6L 2020-2023",62.523999999999994
"FA-12142","FA-12142 FILTRO AIRE. BMW 120I/125I 2.0 L 2016–2019, BMW 220I/230I 2.0 L 2016–2019, BMW 320I/330I 2.0 L 2015–2019, BMW 320I GT/330I GT 2.0 L 2015–2019, BMW 330E 2.0 L 2015–2018, BMW 420I/430I 2.0 L 2016–2019, BMW 340I GT 3.0 L 2016–2019, BMW 440I 3.0 L 2016–2019, BMW M140I/M240I 3.0 L 2016–2019.",111.405
"FA-12166","FA-12166 FILTRO AIRE. BUICK ENCLAVE 3.6 L V6 2018–2022, CADILLAC XT5 2.0 L 2020–2022, CADILLAC XT5 3.6 L V6 2017–2022, CADILLAC XT6 2.0 L 2021–2022, CADILLAC XT6 3.6 L V6 2020–2022, CHEVROLET BLAZER 2.0 L 2020–2022, CHEVROLET BLAZER 2.5 L 2019–2022, CHEVROLET BLAZER 3.6 L V6 2019–2022, CHEVROLET TRAVERSE 2.0 L 2018–2019, CHEVROLET TRAVERSE 3.6 L V6 2018–2021, GMC ACADIA 2.0 L 2020–2021, GMC ACADIA 2.5 L 2017–2021, GMC ACADIA 3.6 L V6 2017–2021.",156.87700000000001
"FA-12182","FA-12182 FILTRO AIRE. FORD F-250/F-350/F-450 SUPER DUTY 6.7L V8 DIESEL 2017-2019, FORD F-550 SUPER DUTY 6.7L V8 DIESEL/6.8L V10 2017-2019 C/ESPUMA",323.98799999999994
"FA-12183","FA-12183 FILTRO AIRE. FORD F-250/F-350 SUPER DUTY 6.2L V8 2017-2019, FORD F-450/F-550 SUPER DUTY 6.8L V10 2017-2019",250.09599999999998
"FA-12243","FA-12243 FILTRO AIRE. HYUNDAI STAREX 2.4L GAS 2018-2020, HYUNDAI H200 2.5L DIESEL 2016-2018, DODGE H100 VAN 2.5L DIESEL 2010-2013, CHIREY TIGGO 2 PRO 2023",51.155999999999999
"FA-12258","FA-12258 FILTRO AIRE. CHEVROLET SILVERADO 2500HD 6.6L DIESEL 2017-2019, CHEVROLET SILVERADO 3500HD 6.6L DIESEL 2017-2019 C/FELPA + MALLA METALICA",150.059
"FA-12259","FA-12259 FILTRO AIRE. HONDA CR-V 2.4L 2017-2019",73.891999999999996
"FA-12260","FA-12260 FILTRO AIRE. CHEVROLET EQUINOX 1.5L/1.6L 2018-2021 C/FELPA",70.48299999999999
"FA-12268","FA-12268 FILTRO AIRE. AUDI A4 2.0 L 2017–2021, AUDI A5 2.0 L 2017–2021, AUDI RS5 2.9 L 2018–2021, AUDI S5 3.0 L 2018–2021, AUDI S6 2.9 L 2020–2021, AUDI SQ5 3.0 L 2018–2021, AUDI A1 2018.",164.83599999999998
"FA-12289","FA-12289 FILTRO AIRE. TOYOTA AVALON 2.5L 2019-, TOYOTA CAMRY 2.5L HÍBRIDO 2018-, TOYOTA C-HR 2.0L 2018-, TOYOTA HIGHLANDER 2.5L HÍBRIDO 2020-, TOYOTA RAV4 2.5L HÍBRIDO 2019-, TOYOTA RAV4 2.5L GASOLINA 2021-, TOYOTA SIENNA 2.5L HÍBRIDO 2021-, LEXUS ES300H 2.5L 2019-, LEXUS UX200 2.0L 2019-, TOYOTA COROLLA 2.0L 2020-",73.891999999999996
"FA-12290","FA-12290 FILTRO AIRE. HONDA ACCORD 1.5 L TURBO 2018–2021, HONDA ACCORD 1.5 L TURBO 2022.",119.364
"FA-12293","FA-12293 FILTRO AIRE. VOLKSWAGEN ATLAS 2.0L TSI 2018-, VOLKSWAGEN ATLAS 3.6L 2018-, VOLKSWAGEN ATLAS CROSS SPORT 2.0L TSI 2020-, VOLKSWAGEN ATLAS CROSS SPORT 3.6L 2020-2021, VOLKSWAGEN TERAMONT 3.6L 2019-2021 C/FLEPA",93.21899999999998
"FA-12295","FA-12295 FILTRO AIRE. MITSUBISHI OUTLANDER PHEV 2.4L 2023-2025, SUBARU ASCENT 2.4L TURBO 2019-2025, SUBARU CROSSTREK 2.0L 2018-2025, SUBARU CROSSTREK 2.5L 2021-2025, SUBARU FORESTER 2.5L 2019-2025, SUBARU IMPREZA 2.0L 2017-2025, SUBARU IMPREZA 2.5L 2024-2025, SUBARU LEGACY 2.4L/2.5L 2020-2025, SUBARU OUTBACK 2.4L/2.5L 2020-2025, SUBARU WRX 2.4L 2022-2025, SUBARU XV 2.0L 2016-2022",86.393999999999991
"FA-12342","FA-12342 FILTRO AIRE. FIAT ARGO 1.3L 2021-, FIAT CRONOS 1.3L 2021-, FIAT PULSE 1.3L 2023-2024, RAM 700 1.3L 2020-2021",107.996
"FA-12344","FA-12344 FILTRO AIRE. FIAT ARGO MOTOR 1.8L, VERSIONES PRECISION / HGT / TREKKING AT, 2021–2024)",85.259999999999991
"FA-12369","FA-12369 FILTRO AIRE. FORD ECOSPORT 1.0L 2018-2021, FORD ECOSPORT 1.5L 2018-2021, FORD ECOSPORT 2.0L 2018-2021",56.839999999999996
"FA-12371","FA-12371 FILTRO AIRE. JEEP, CHEROKEE, MOTOR 2.4L L4, 2019–2021; JEEP, CHEROKEE, MOTOR 3.2L V6, 2019–2021",100.03699999999999
"FA-12373","FA-12373 FILTRO AIRE. JEEP WRANGLER 2.0L 2018-2022, JEEP WRANGLER 3.6L 2018-2025, JEEP GLADIATOR 3.6L 2020-2022",85.259999999999991
"FA-12377","FA-12377 FILTRO AIRE. TOYOTA, CAMRY, MOTOR 2.5L L4, 2018–2021; TOYOTA, CAMRY, MOTOR 3.5L V6, 2018–2021; TOYOTA, AVALON, MOTOR 2.5L L4, 2021; TOYOTA, AVALON, MOTOR 3.5L V6, 2019–2021; TOYOTA, HIGHLANDER, MOTOR 3.5L V6, 2020–2021; TOYOTA, RAV4, MOTOR 2.5L L4, 2019–2021; LEXUS, ES250, MOTOR 2.5L L4, 2021–2022; LEXUS, ES350, MOTOR 3.5L V6, 2019–2021",68.207999999999998
"FA-12405","FA-12405 FILTRO AIRE. CADILLAC ESCALADE 3.0L DIESEL/6.2L V8 2021-2022, CHEVROLET SILVERADO 1500 2.7L/3.0L/4.3L/5.3L/6.2L 2019-2022, CHEVROLET SILVERADO 2500HD/3500HD 6.6L DIESEL 2020-2022, GMC SIERRA 1500 2.7L/3.0L/4.3L/5.3L/6.2L 2019-2022, GMC SIERRA 2500HD/3500HD 6.6L DIESEL 2020-2022",107.996
"FA-12535","FA-12535 FILTRO AIRE. FORD RANGER 2.3L GASOLINA 2019-2023",106.86199999999999
"FA-12563","FA-12563 FILTRO AIRE. VOLKSWAGEN CRAFTER 2.0L TDI 2019-2023, VOLVO XC40 2.0L DIESEL 2023 C/FELPA",73.891999999999996
"FA-12615","FA-12615 FILTRO AIRE. AUDI A1 TFSI 1.0 L 2007–2022, AUDI A1 TFSI 1.5 L 2018–2020, AUDI A3 1.0 L 2005–2020, AUDI A3 TFSI 1.5 L 2005–2020, AUDI Q2 1.0 L 2007–2018, AUDI Q2 1.5 L 2018–2020, AUDI Q3 1.5 L 2011–2019.",73.891999999999996
"FA-12616","FA-12616 FILTRO AIRE. VOLVO XC40 2.0L HÍBRIDO 2019-2023 C/FELPA",153.46799999999999
"FA-12638","FA-12638 FILTRO AIRE. BAIC X30 1.5L 2020-2022 C/FELPA",62.523999999999994
"FA-12813","FA-12813 FILTRO AIRE. FORD ESCAPE 2.5L HÍBRIDO 2020-2023, LINCOLN CORSAIR 2.5L HÍBRIDO 2021-2025",62.523999999999994
"FA-12814","FA-12814 FILTRO AIRE. CHEVROLET TRAX RS 1.2L 2024 C/FELPA",90.943999999999988
"FA-12816","FA-12816 FILTRO AIRE. HYUNDAI SANTA FE 2.5L TURBO 2021-2023, HYUNDAI SONATA 1.6L TURBO 2020-2023, HYUNDAI SONATA 2.5L 2020-2023, HYUNDAI TUCSON 2.5L 2022-2023, KIA SORENTO 2.5L 2021-2023, KIA SORENTO 2.5L TURBO 2021-2023, KIA SPORTAGE 2.5L 2023",65.932999999999993
"FA-12879","FA-12879 FILTRO AIRE. HYUNDAI ELANTRA 1.6L/2.0L 2021-2025",77.301000000000002
"FA-12931","FA-12931 FILTRO AIRE. NISSAN PATHFINDER 3.5L 2022-2025, NISSAN ARMADA 3.5L BITURBO 2025-, INFINITI QX60 3.5L 2022-, INFINITI QX80 3.5L BITURBO 2025-",93.21899999999998
"FA-12932","FA-12932 FILTRO AIRE. HONDA CIVIC 1.5L TURBO 2022-2024, HONDA ACCORD 1.5L TURBO 2023-2025, ACURA INTEGRA 1.5L TURBO 2023-2024, HONDA CR-V HÍBRIDO 2020",73.891999999999996
"FA-12934","FA-12934 FILTRO AIRE. HONDA PILOT 3.5L 2023-2025, ACURA MDX 3.5L 2023-2025",113.67999999999999
"FA-12967","FA-12967 FILTRO AIRE. MITSUBISHI OUTLANDER 2.5L 2022-2024, NISSAN ROGUE 1.5L 2022-2024, NISSAN X-TRAIL 2.5L 2022-2024",93.21899999999998
"FA-13367","FA-13367 FILTRO AIRE. CHEVROLET CRUZE 1.4L TURBO 2016-2019, CADILLAC ATS 3.6L 2016-2018",96.627999999999986
"FA-13570","FA-13570 FILTRO AIRE. HINO SERIES 300 4.0L DIESEL 514/616/716/816 2011-2021, HINO DUTRO MOTOR N04C 2011-2018",300.11799999999999
"FA-15608","FA-15608 FILTRO AIRE. MITSUBISHI L200 2.4L GASOLINA 2019-2021, MITSUBISHI L200 2.4L DIESEL TURBO 2019-2022 C/MALLA METALICA Y FELPA",73.891999999999996
"FA-17110","FA-17110 FILTRO AIRE. TOYOTA AVANZA 4 CIL 1.5L 2021–2023, TOYOTA RAIZE 3 CIL 1.0L TURBO 2021–2023 YARIS 1.5L 2024-",62.523999999999994
"FA-17620","FA-17620 FILTRO AIRE. HONDA INSIGHT 1.5L HÍBRIDO 2019-2022 HIBRIDO",65.923688599999991
"FA-20017","FA-20017 FILTRO AIRE. CHEVROLET SPARK 1.4L 2016-2021",51.155999999999999
"FA-21001","FA-21001 FILTRO AIRE. NISSAN NP300 2.5L 2014-2022, NISSAN FRONTIER 2.5L 2016-2022",51.155999999999999
"FA-21300","FA-21300 FILTRO AIRE. CHANGAN CS55 PLUS 2.0L TURBO 2023, CHANGAN UNI-K 2.0L TURBO 2023-2024 C/FELPA",96.627999999999986
"FA-22011","FA-22011 FILTRO AIRE. CHEVROLET TORNADO VAN 1.5L 2021-2025 C/FELPA",96.627999999999986
"FA-26039","FA-26039 FILTRO AIRE. HYUNDAI SOLATI H350 VAN 2.5L TURBO DIESEL 2019-2025",88.668999999999997
"FA-26676","FA-26676 FILTRO AIRE. CHEVROLET, CAVALIER, MOTOR 1.5L L4, 2018–2020; CAMIONES TATA PRIMA, MOTOR DIESEL, 2018–2020 (FLEETGUARD AF26676)",73.891999999999996
"FA-27083","FA-27083 FILTRO AIRE. MG GT 1.5L TURBO 2022-2024, MG ONE 1.5L TURBO 2024",93.21899999999998
"FA-27089","FA-27089 FILTRO AIRE. CHIREY TIGGO 4 PRO 1.5L TURBO 2022-, CHIREY TIGGO 7 PRO 1.5L TURBO 2022-, CHIREY TIGGO 8 PRO 1.6L TURBO 2022-2024, CHIREY TIGGO 8 2.0L 2023, OMODA C5 1.5L TURBO 2023",61.39
"FA-28078","FA-28078 FILTRO AIRE. DODGE JOURNEY 1.5L TURBO 2022-2025",88.668999999999997
"FA-30060","FA-30060 FILTRO AIRE. TOYOTA HIACE 2.7L 2011-2016",71.61699999999999
"FA-31046","FA-31046 FILTRO AIRE. GWM POER 2.0L TURBO 2024-2025, GAC GS8 2.0L TURBO 2024 C/FELPA",90.943999999999988
"FA-31160","FA-31160 FILTRO AIRE. TOYOTA HIACE 2.8L 2019-2024, TOYOTA HIACE 3.5L 2019-2024 C/FELPA+MALLA METALICO",68.207999999999998
"FA-32013","FA-32013 FILTRO AIRE. VOLKSWAGEN AMAROK 2.0 L TDI 2010–2020. C/ESPUMA/MALLA METÁLICA",100.02768859999999
"FA-33022","FA-33022 FILTRO AIRE. CHEVROLET, CAVALIER, MOTOR 1.3L TURBO, 2022–2024; CHEVROLET, CAVALIER, MOTOR 1.5L TURBO, 2021–2022",73.891999999999996
"FA-34001","FA-34001 FILTRO AIRE. FORD RANGER 2.0L ECOBLUE DIESEL 2023-2024, FORD RANGER 3.0L ECOBLUE V6 DIESEL 2023-2024",147.78399999999999
"FA-36041","FA-36041 FILTRO AIRE. GAC GS8 2.0L TURBO 2025-2026, GAC EMKOO 2.0L TURBO 2024",113.67999999999999
"FA-37480","FA-37480 FILTRO AIRE. VOLKSWAGEN DELIVERY CUMMINS ISF 2.8L SCR 2019-2023, VOLKSWAGEN DELIVERY CUMMINS ISF 3.8L SCR 2019-2023",738.91999999999985
"FA-38130","FA-38130 FILTRO AIRE. PEUGEOT 308 II 1.6 L TURBO GASOLINA 2013–2018, PEUGEOT 3008 1.6 L TURBO GASOLINA 2013–2018. C/FELPA",77.301000000000002
"FA-38660","FA-38660 FILTRO AIRE. JAC T6/T8 FRISON 2.0L TURBO 2019-2023, HYUNDAI TUCSON 2.0L TURBO DIESEL 2016-2021, KIA SPORTAGE 2.0L TURBO DIESEL 2017-2019 C/MALLA METALICA",113.67999999999999
"FA-39040","FA-39040 FILTRO AIRE. HYUNDAI CRETA 1.5L 2021-2023",73.891999999999996
"FA-55014","FA-55014 FILTRO AIRE. CUMMINS QSB 6.7L, CUMMINS QSL 9L, CUMMINS QSX 11.9L, CUMMINS QSX 15L (MOTORES DIESEL EN CAMIONES Y GENERADORES) 2010-2025",1341.424
"FA-55308","FA-55308 FILTRO AIRE. CUMMINS QSB 6.7L 2007-2015, CUMMINS QSL 9L 2007-2015 (FILTRO SECUNDARIO EN CAMIONES Y MAQUINARIA PESADA)",443.35199999999998
"FA-71360","FA-71360 FILTRO AIRE. INTERNATIONAL, CF-500 / CF-6000, MOTOR MAXXFORCE 5 (PRIMARIO), 2005–2010",525.20299999999997
"FA-71370","FA-71370 FILTRO AIRE. INTERNATIONAL, CF-500 / CF-6000, MOTOR MAXXFORCE 5 (SECUNDARIO), 2005–2010",375.14399999999995
"FA-75010","FA-75010 FILTRO AIRE. TOYOTA HIACE 2.7L 2005-2010, PEUGEOT GRAND RAID 1.6L 2011-2012 CILÍNDRICO",79.575999999999993
"FA-90700","FA-90700 FILTRO AIRE. MERCEDES-BENZ SPRINTER 2.0L DIESEL 311/417/419/517 2023",119.364
"FA-99322","FA-99322 FILTRO AIRE. CHEVROLET AVEO 4 CIL 1.5L 2018–2022 (NUEVA GENERACIÓN)",51.155999999999999
"FA-99512","FA-99512 FILTRO AIRE. VOLKSWAGEN JETTA 1.4L TSI 2019-2021, VOLKSWAGEN JETTA 1.5L 2022-2025, VOLKSWAGEN GOLF 1.4L 2019-2021, VOLKSWAGEN GOLF SPORTWAGEN 1.4L/1.8L 2019, VOLKSWAGEN TAOS 1.5L 2022-2024",73.891999999999996
"FA-99532","FA-99532 FILTRO AIRE. FORD F-250/F-350/F-450/F-550 SUPER DUTY 6.7L V8 DIESEL 2020-2024 C/FELPA",181.88799999999998
"FA-99534","FA-99534 FILTRO AIRE. FORD F-250/F-350 SUPER DUTY 6.2L V8/7.3L V8 2020-2021, FORD F-450/F-550/F-600 SUPER DUTY 7.3L V8 2020-2021",159.15199999999999
"FA-99575","FA-99575 FILTRO AIRE. NISSAN SENTRA 2.0L 2020-2025",62.523999999999994
"FA-0C010","FA-0C010 FILTRO AIRE. TOYOTA HILUX 2.7L 2004-2015 CILÍNDRICO",107.996
"FA-0L040","FA-0L040 FILTRO AIRE. TOYOTA HILUX 2.7L 2016-2023, TOYOTA HILUX 2.8L 2018-2020 C/MALLA METALICA",79.575999999999993
"FA-55AZ01","FA-55AZ01 FILTRO AIRE. HONDA, CITY, MOTOR 1.5L L4, 2014–2020; HONDA, BR-V, MOTOR 1.5L L4, 2018–2021; AUDI, A7, MOTOR 2.0L L4, 2016",65.932999999999993
"FA-5M100","FA-5M100 FILTRO AIRE. HYUNDAI MIGHTY EX6/EX8 2.9L TURBO DIESEL 2021-2025",545.66399999999999
"FA-5R70A","FA-5R70A FILTRO AIRE. NISSAN KICKS E-POWER 1.2L HÍBRIDO 2023-2024",56.839999999999996
"FA-5RA0A","FA-5RA0A FILTRO AIRE. NISSAN KICKS 1.6L 2017-2021, NISSAN VERSA 1.6L 2020-2023 C/FELPA",62.523999999999994
"FA-5Z0","FA-5Z0 FILTRO AIRE. VOLKSWAGEN GOL 1.6L 2009-2018, VOLKSWAGEN GOL SEDAN 1.6L 2010-2013, VOLKSWAGEN NUEVO GOL 1.6L 2014-2016, VOLKSWAGEN SAVEIRO 1.6L 2010-2021",56.839999999999996
"FA-67R00","FA-67R00 FILTRO AIRE. SUZUKI SWIFT SPORT BOOSTERJET 1.4L 2017-2020",68.207999999999998
"FA-68M00","FA-68M00 FILTRO AIRE. SUZUKI S-CROSS 1.4L 2017-2021, SUZUKI SWIFT 1.4L 2021, SUZUKI VITARA 1.4L 2017-2021, SUZUKI VITARA 1.6L 2021",96.627999999999986
"FA-6CA0A","FA-6CA0A FILTRO AIRE. NISSAN ALTIMA 2.5 L 4 CILINDROS 2019–2022.",85.259999999999991
"FA-6CB0A","FA-6CB0A FILTRO AIRE. NISSAN ALTIMA 2.0 L TURBO 2019–2026, NISSAN MURANO 2.0 L TURBO 2025.",85.259999999999991
"FA-73C00N","FA-73C00N FILTRO AIRE. NISSAN TSURU III 1.6L 1993-2017, NISSAN SENTRA 1.6L/1.8L 1993-2017 (FILTRO AUXILIAR PURIFICADOR INTERIOR)",26.145
"FA-73R00","FA-73R00 FILTRO AIRE. SUZUKI ERTIGA 1.5L 2018-2023",73.891999999999996
"FA-81PA0","FA-81PA0 FILTRO AIRE. SUZUKI IGNIS 1.2L 2018-2024, SUZUKI SWIFT 1.2L 2018-2024",45.471999999999994
"FA-A0200","FA-A0200 FILTRO AIRE. KIA FORTE 1.6L 2014-2018",100.03699999999999
"FA-BC100","FA-BC100 FILTRO AIRE. KIA K3 1.6L/2.0L 2024-2026",62.523999999999994
"FA-G2700","FA-G2700 FILTRO AIRE. HYUNDAI IONIQ 1.6L HÍBRIDO 2017-2021, KIA NIRO 1.6L HÍBRIDO 2017-2022",96.627999999999986
"FA-H9100","FA-H9100 FILTRO AIRE. HYUNDAI ACCENT 1.6 L 2018–2021, KIA RIO 1.6 L 2018–2022.",73.891999999999996